Customer_ID,Total_Account_Balance,Total_Credit_Limit,Late_Payments,Total_Payments,Accounts_Opened_Last_12_Months,Total_Accounts,Accounts_30Plus_Days_Late,Debt_to_Credit_Ratio,Late_Payment_Ratio,Recent_Credit_Opening_Ratio,Delinquency_Rate
1,16795,32446,0,110,0,3,3,0.5176292917462861,0.0,0.0,1.0
2,1860,18046,2,182,0,12,2,0.10306993239499058,0.01098901098901099,0.0,0.16666666666666666
3,39158,29818,7,52,1,7,1,1.3132336172781542,0.1346153846153846,0.14285714285714285,0.14285714285714285
4,45732,9324,3,144,4,7,2,4.904761904761905,0.020833333333333332,0.5714285714285714,0.2857142857142857
5,12284,81323,15,35,0,10,3,0.15105197791522693,0.42857142857142855,0.0,0.3
6,7265,14111,9,181,4,9,3,0.5148465735950677,0.049723756906077346,0.4444444444444444,0.3333333333333333
7,17850,43110,11,85,3,10,3,0.4140570633263744,0.12941176470588237,0.3,0.3
8,38194,21389,13,187,4,8,2,1.785684230211791,0.06951871657754011,0.5,0.25
9,22962,46427,13,175,2,8,2,0.49458289357485946,0.07428571428571429,0.25,0.25
10,48191,84579,1,66,2,4,0,0.5697750032513981,0.015151515151515152,0.5,0.0
11,45131,33746,4,186,4,8,0,1.3373733183192082,0.021505376344086023,0.5,0.0
12,17023,92886,4,167,2,7,1,0.18326766143444653,0.023952095808383235,0.2857142857142857,0.14285714285714285
13,42090,5117,5,143,3,5,0,8.225522767246433,0.03496503496503497,0.6,0.0
14,2685,89471,12,20,1,8,1,0.030009723821126398,0.6,0.125,0.125
15,1769,18234,8,106,2,10,3,0.09701656246572338,0.07547169811320754,0.2,0.3
16,3433,58441,14,147,2,11,0,0.058743005766499545,0.09523809523809523,0.18181818181818182,0.0
17,6311,5846,13,86,4,3,2,1.079541566883339,0.1511627906976744,1.3333333333333333,0.6666666666666666
18,38819,15954,6,23,3,5,0,2.4331829008399146,0.2608695652173913,0.6,0.0
19,40188,84239,19,172,1,5,1,0.47707119030377854,0.11046511627906977,0.2,0.2
20,18568,51514,1,66,4,13,0,0.36044570408044413,0.015151515151515152,0.3076923076923077,0.0
21,20769,93236,6,57,4,10,3,0.22275730404564761,0.10526315789473684,0.4,0.3
22,29693,11469,5,162,3,3,2,2.5889789868340745,0.030864197530864196,1.0,0.6666666666666666
23,7396,35105,16,40,1,7,1,0.21068223899729382,0.4,0.14285714285714285,0.14285714285714285
24,28480,47101,1,76,3,5,2,0.604658075200102,0.013157894736842105,0.6,0.4
25,42434,69323,2,136,1,4,2,0.6121200755881886,0.014705882352941176,0.25,0.5
26,26658,96922,4,65,3,10,1,0.2750459132085595,0.06153846153846154,0.3,0.1
27,19942,63067,4,161,4,5,2,0.3162034027304295,0.024844720496894408,0.8,0.4
28,19431,54376,0,164,4,9,2,0.35734515227306163,0.0,0.4444444444444444,0.2222222222222222
29,3747,50587,7,58,0,14,0,0.07407041334730266,0.1206896551724138,0.0,0.0
30,1189,41976,11,156,2,13,2,0.028325709929483515,0.07051282051282051,0.15384615384615385,0.15384615384615385
31,20118,72584,3,118,3,3,2,0.277168521988317,0.025423728813559324,1.0,0.6666666666666666
32,36773,83477,12,96,0,8,2,0.44051654946871593,0.125,0.0,0.25
33,2899,47533,14,134,2,5,2,0.0609892074979488,0.1044776119402985,0.4,0.4
34,2267,6828,10,153,3,10,1,0.3320152314001172,0.06535947712418301,0.3,0.1
35,32551,6917,9,170,1,8,3,4.705941882318925,0.052941176470588235,0.125,0.375
36,12394,25618,2,110,2,14,0,0.4838004528066203,0.01818181818181818,0.14285714285714285,0.0
37,4556,37254,13,117,4,4,2,0.12229559241960594,0.1111111111111111,1.0,0.5
38,4890,52362,15,139,0,8,2,0.09338833505213705,0.1079136690647482,0.0,0.25
39,42606,25128,9,65,2,9,1,1.6955587392550144,0.13846153846153847,0.2222222222222222,0.1111111111111111
40,31740,64383,9,57,2,7,3,0.4929872792507339,0.15789473684210525,0.2857142857142857,0.42857142857142855
41,15502,70545,11,161,4,5,2,0.2197462612516833,0.06832298136645963,0.8,0.4
42,22777,87180,8,119,3,6,1,0.261264051387933,0.06722689075630252,0.5,0.16666666666666666
43,11627,92958,0,91,1,6,0,0.1250779922115364,0.0,0.16666666666666666,0.0
44,9792,14865,4,54,4,8,0,0.658728557013118,0.07407407407407407,0.5,0.0
45,44323,7219,19,166,1,12,2,6.139770051253636,0.1144578313253012,0.08333333333333333,0.16666666666666666
46,44021,44809,7,49,3,3,2,0.9824142471378517,0.14285714285714285,1.0,0.6666666666666666
47,9433,10287,10,97,2,13,3,0.9169825993972975,0.10309278350515463,0.15384615384615385,0.23076923076923078
48,44001,39387,11,103,1,6,3,1.1171452509711326,0.10679611650485436,0.16666666666666666,0.5
49,12016,13512,0,132,0,12,2,0.8892835997631735,0.0,0.0,0.16666666666666666
50,24897,6342,19,44,0,6,1,3.9257332071901607,0.4318181818181818,0.0,0.16666666666666666
51,3612,68076,10,187,4,12,3,0.053058346553851575,0.053475935828877004,0.3333333333333333,0.25
52,24483,24216,4,107,3,3,2,1.011025768087215,0.037383177570093455,1.0,0.6666666666666666
53,49555,98070,14,33,4,11,3,0.505302335066789,0.42424242424242425,0.36363636363636365,0.2727272727272727
54,18159,84767,4,173,4,6,2,0.2142225158375311,0.023121387283236993,0.6666666666666666,0.3333333333333333
55,45974,31614,11,121,4,9,0,1.4542291389890556,0.09090909090909091,0.4444444444444444,0.0
56,41994,41258,4,169,0,14,2,1.0178389645644481,0.023668639053254437,0.0,0.14285714285714285
57,15541,98789,16,195,0,5,0,0.15731508568767777,0.08205128205128205,0.0,0.0
58,36920,47078,16,102,4,12,3,0.7842304261013637,0.1568627450980392,0.3333333333333333,0.25
59,27531,88524,11,129,0,14,2,0.3110004066693778,0.08527131782945736,0.0,0.14285714285714285
60,2585,17219,14,198,3,5,3,0.15012486207096812,0.0707070707070707,0.6,0.6
61,4943,5235,14,150,4,10,0,0.9442215854823305,0.09333333333333334,0.4,0.0
62,24939,47929,5,189,0,10,2,0.5203321579836842,0.026455026455026454,0.0,0.2
63,20457,72444,11,38,1,13,3,0.2823836342554249,0.2894736842105263,0.07692307692307693,0.23076923076923078
64,2021,13567,19,47,4,14,0,0.14896439890911772,0.40425531914893614,0.2857142857142857,0.0
65,12653,75792,17,192,4,3,3,0.16694374076419674,0.08854166666666667,1.3333333333333333,1.0
66,44573,70441,13,90,3,12,1,0.6327706875257307,0.14444444444444443,0.25,0.08333333333333333
67,14417,89555,1,82,2,4,0,0.1609848696331863,0.012195121951219513,0.5,0.0
68,41757,78698,8,92,2,10,0,0.5305979821596483,0.08695652173913043,0.2,0.0
69,10692,10415,4,143,3,3,0,1.026596255400864,0.027972027972027972,1.0,0.0
70,46758,41159,19,138,3,14,2,1.1360334313272917,0.13768115942028986,0.21428571428571427,0.14285714285714285
71,7873,48925,0,140,3,10,2,0.1609197751660705,0.0,0.3,0.2
72,6675,10951,2,38,2,10,2,0.6095333759474021,0.05263157894736842,0.2,0.2
73,1161,92388,5,194,3,4,1,0.012566567086634627,0.02577319587628866,0.75,0.25
74,38065,13007,4,161,0,6,1,2.926501114784347,0.024844720496894408,0.0,0.16666666666666666
75,27557,46832,4,139,4,8,0,0.5884224461906389,0.02877697841726619,0.5,0.0
76,34763,63596,0,185,4,14,1,0.5466224290835902,0.0,0.2857142857142857,0.07142857142857142
77,33606,35523,16,80,1,13,3,0.9460349632632379,0.2,0.07692307692307693,0.23076923076923078
78,12534,93861,18,183,1,11,0,0.1335378911368939,0.09836065573770492,0.09090909090909091,0.0
79,30127,91740,13,187,4,10,0,0.32839546544582515,0.06951871657754011,0.4,0.0
80,41397,20524,11,49,0,14,3,2.0170044825570064,0.22448979591836735,0.0,0.21428571428571427
81,26851,24282,9,28,2,10,0,1.105798533893419,0.32142857142857145,0.2,0.0
82,2016,28930,19,83,2,9,1,0.0696854476322157,0.2289156626506024,0.2222222222222222,0.1111111111111111
83,25253,5077,17,180,0,11,2,4.974000393933426,0.09444444444444444,0.0,0.18181818181818182
84,25276,25611,10,139,2,4,3,0.986919682948733,0.07194244604316546,0.5,0.75
85,24247,21984,1,71,3,5,1,1.102938500727802,0.014084507042253521,0.6,0.2
86,25300,19060,17,108,4,12,3,1.3273871983210912,0.1574074074074074,0.3333333333333333,0.25
87,9529,87985,6,161,4,10,3,0.10830255157129057,0.037267080745341616,0.4,0.3
88,18262,89056,14,72,0,8,0,0.20506198347107438,0.19444444444444445,0.0,0.0
89,10268,48303,10,97,2,12,0,0.21257478831542553,0.10309278350515463,0.16666666666666666,0.0
90,22271,64207,17,60,1,11,1,0.34686249162863864,0.2833333333333333,0.09090909090909091,0.09090909090909091
91,13185,80046,11,87,1,12,3,0.16471778727231842,0.12643678160919541,0.08333333333333333,0.25
92,22243,34287,5,27,2,6,0,0.648729839297693,0.18518518518518517,0.3333333333333333,0.0
93,40099,98709,19,21,1,10,0,0.4062344872301411,0.9047619047619048,0.1,0.0
94,9571,44711,12,124,0,12,3,0.21406365323969492,0.0967741935483871,0.0,0.25
95,40976,16954,19,144,0,5,1,2.416892768668161,0.13194444444444445,0.0,0.2
96,39044,78340,15,129,2,5,1,0.49839162624457495,0.11627906976744186,0.4,0.2
97,49984,77101,17,105,1,10,3,0.648292499448775,0.1619047619047619,0.1,0.3
98,41774,76520,9,188,0,7,1,0.545922634605332,0.047872340425531915,0.0,0.14285714285714285
99,3568,92062,7,139,0,5,0,0.03875649019139276,0.050359712230215826,0.0,0.0
100,3027,23574,17,146,3,12,3,0.12840417409009927,0.11643835616438356,0.25,0.25
101,3695,14184,0,35,3,13,0,0.2605047941342358,0.0,0.23076923076923078,0.0
102,49190,24096,7,81,0,3,2,2.041417662682603,0.08641975308641975,0.0,0.6666666666666666
103,6258,72728,5,132,2,5,2,0.08604663953360467,0.03787878787878788,0.4,0.4
104,23002,39016,4,195,4,14,1,0.5895530038958376,0.020512820512820513,0.2857142857142857,0.07142857142857142
105,40504,16246,14,177,4,11,2,2.4931675489351224,0.07909604519774012,0.36363636363636365,0.18181818181818182
106,34159,50558,14,31,0,7,0,0.6756398591716445,0.45161290322580644,0.0,0.0
107,14986,23381,1,54,0,14,2,0.6409477781104316,0.018518518518518517,0.0,0.14285714285714285
108,13666,41455,0,30,0,12,0,0.3296586660233989,0.0,0.0,0.0
109,39660,97263,10,83,2,4,1,0.4077604022084451,0.12048192771084337,0.5,0.25
110,4561,9018,9,69,3,9,1,0.5057662452872034,0.13043478260869565,0.3333333333333333,0.1111111111111111
111,27854,16302,17,168,0,4,0,1.7086247086247086,0.10119047619047619,0.0,0.0
112,39952,72506,17,88,0,6,2,0.5510164676026812,0.19318181818181818,0.0,0.3333333333333333
113,23662,46157,16,67,1,14,1,0.5126416361548628,0.23880597014925373,0.07142857142857142,0.07142857142857142
114,9392,59917,7,39,2,9,3,0.15675017106998013,0.1794871794871795,0.2222222222222222,0.3333333333333333
115,31535,97738,14,120,0,6,1,0.32264830465121036,0.11666666666666667,0.0,0.16666666666666666
116,14067,88122,7,191,1,9,2,0.15963096616055014,0.03664921465968586,0.1111111111111111,0.2222222222222222
117,49033,29519,16,180,4,9,3,1.661065754259968,0.08888888888888889,0.4444444444444444,0.3333333333333333
118,24599,92487,11,156,0,3,2,0.26597251505617003,0.07051282051282051,0.0,0.6666666666666666
119,36222,61819,7,87,0,8,0,0.5859363626069655,0.08045977011494253,0.0,0.0
120,12837,85910,13,54,1,11,3,0.1494238156209987,0.24074074074074073,0.09090909090909091,0.2727272727272727
121,15039,76324,3,84,2,4,2,0.19704155966668413,0.03571428571428571,0.5,0.5
122,31818,10408,0,27,0,5,3,3.0570714834742505,0.0,0.0,0.6
123,20115,64379,0,64,4,12,2,0.31244660525947904,0.0,0.3333333333333333,0.16666666666666666
124,11965,30053,18,106,0,7,3,0.398129970385652,0.16981132075471697,0.0,0.42857142857142855
125,25538,14446,15,194,4,11,2,1.7678250034611658,0.07731958762886598,0.36363636363636365,0.18181818181818182
126,43530,5922,13,187,3,6,0,7.350557244174265,0.06951871657754011,0.5,0.0
127,6056,56356,15,95,3,3,3,0.1074597203492086,0.15789473684210525,1.0,1.0
128,33482,15789,4,95,4,6,3,2.120590284375198,0.042105263157894736,0.6666666666666666,0.5
129,48716,71656,8,193,2,8,3,0.6798593278999665,0.04145077720207254,0.25,0.375
130,9110,49028,1,66,0,7,3,0.18581218895325122,0.015151515151515152,0.0,0.42857142857142855
131,14773,69484,17,34,0,3,0,0.21261009728858443,0.5,0.0,0.0
132,28266,37154,5,124,3,6,3,0.7607794584701513,0.04032258064516129,0.5,0.5
133,18412,87870,8,166,4,8,1,0.20953681575054056,0.04819277108433735,0.5,0.125
134,34270,7336,0,45,0,12,0,4.671483097055616,0.0,0.0,0.0
135,7910,72779,8,71,0,12,1,0.10868519765316918,0.11267605633802817,0.0,0.08333333333333333
136,46453,24029,15,112,2,6,3,1.9332057097673645,0.13392857142857142,0.3333333333333333,0.5
137,26446,64201,12,169,1,11,2,0.41192504789645024,0.07100591715976332,0.09090909090909091,0.18181818181818182
138,1206,37265,8,40,3,7,1,0.032362806923386556,0.2,0.42857142857142855,0.14285714285714285
139,22518,48872,12,70,3,10,3,0.4607546243247667,0.17142857142857143,0.3,0.3
140,23361,51197,8,57,1,11,1,0.4562962673594156,0.14035087719298245,0.09090909090909091,0.09090909090909091
141,24419,60180,10,39,0,12,3,0.40576603522765037,0.2564102564102564,0.0,0.25
142,49702,28710,3,176,2,7,3,1.731173807035876,0.017045454545454544,0.2857142857142857,0.42857142857142855
143,42523,34486,1,198,2,8,3,1.2330510931972394,0.005050505050505051,0.25,0.375
144,46151,76907,5,151,3,3,2,0.6000884184794623,0.033112582781456956,1.0,0.6666666666666666
145,23403,76895,13,74,2,13,1,0.3043500877820404,0.17567567567567569,0.15384615384615385,0.07692307692307693
146,19141,69435,3,111,1,14,0,0.2756678908331533,0.02702702702702703,0.07142857142857142,0.0
147,15820,45631,5,47,0,9,0,0.3466941333742412,0.10638297872340426,0.0,0.0
148,41342,25103,18,23,1,6,0,1.6468947934509819,0.782608695652174,0.16666666666666666,0.0
149,7374,69772,5,169,4,13,0,0.10568709510978616,0.029585798816568046,0.3076923076923077,0.0
150,2678,19382,1,95,3,4,3,0.13816943555876587,0.010526315789473684,0.75,0.75
151,34827,89291,17,192,2,7,1,0.3900393096728674,0.08854166666666667,0.2857142857142857,0.14285714285714285
152,17198,8756,12,86,4,14,1,1.9641388761991776,0.13953488372093023,0.2857142857142857,0.07142857142857142
153,10914,25609,8,105,2,5,2,0.426178296692569,0.0761904761904762,0.4,0.4
154,28890,21478,18,181,0,8,1,1.3450973088741969,0.09944751381215469,0.0,0.125
155,23299,44666,12,110,0,10,1,0.5216271884654995,0.10909090909090909,0.0,0.1
156,44585,80683,10,124,0,9,1,0.5525947225561766,0.08064516129032258,0.0,0.1111111111111111
157,44689,76315,0,20,2,5,2,0.5855860577868047,0.0,0.4,0.4
158,43557,82834,6,91,4,10,0,0.5258348021343893,0.06593406593406594,0.4,0.0
159,45020,19153,14,106,0,4,1,2.3505456064324126,0.1320754716981132,0.0,0.25
160,3693,81325,0,185,4,12,2,0.04541039040885336,0.0,0.3333333333333333,0.16666666666666666
161,30467,17999,11,25,2,11,2,1.692705150286127,0.44,0.18181818181818182,0.18181818181818182
162,30723,60318,6,172,4,6,3,0.5093504426539341,0.03488372093023256,0.6666666666666666,0.5
163,47699,5814,14,164,2,3,2,8.204162366701066,0.08536585365853659,0.6666666666666666,0.6666666666666666
164,4627,81077,18,80,2,10,0,0.057069205816692774,0.225,0.2,0.0
165,26939,95474,0,31,3,9,1,0.2821605882229717,0.0,0.3333333333333333,0.1111111111111111
166,49925,7443,16,25,2,13,2,6.707644766895069,0.64,0.15384615384615385,0.15384615384615385
167,43941,80993,16,46,2,7,0,0.5425283666489696,0.34782608695652173,0.2857142857142857,0.0
168,22834,80916,2,155,1,12,2,0.2821938800731623,0.012903225806451613,0.08333333333333333,0.16666666666666666
169,19047,78319,11,143,0,7,2,0.24319769149248585,0.07692307692307693,0.0,0.2857142857142857
170,27105,22368,5,125,3,9,2,1.2117757510729614,0.04,0.3333333333333333,0.2222222222222222
171,11230,20328,10,112,3,7,2,0.5524399842581661,0.08928571428571429,0.42857142857142855,0.2857142857142857
172,16707,61942,2,128,3,10,2,0.269720060701947,0.015625,0.3,0.2
173,22976,96751,7,118,1,13,0,0.2374755816477349,0.059322033898305086,0.07692307692307693,0.0
174,45262,32306,13,187,2,8,1,1.4010400544790442,0.06951871657754011,0.25,0.125
175,24776,90451,13,161,0,7,1,0.273916264054571,0.08074534161490683,0.0,0.14285714285714285
176,31080,44915,9,54,4,11,1,0.6919737281531783,0.16666666666666666,0.36363636363636365,0.09090909090909091
177,2306,42219,1,195,2,13,1,0.054619957838887706,0.005128205128205128,0.15384615384615385,0.07692307692307693
178,7776,85879,13,103,1,4,0,0.09054600076852315,0.1262135922330097,0.25,0.0
179,28251,69644,8,75,2,3,3,0.4056487278157487,0.10666666666666667,0.6666666666666666,1.0
180,10474,65279,2,196,2,10,3,0.16044976179169412,0.01020408163265306,0.2,0.3
181,41294,58028,7,160,1,14,0,0.7116219755979872,0.04375,0.07142857142857142,0.0
182,22959,5126,15,68,3,5,0,4.4789309403043305,0.22058823529411764,0.6,0.0
183,6530,57329,1,65,3,13,2,0.11390395785727991,0.015384615384615385,0.23076923076923078,0.15384615384615385
184,30320,32632,5,132,0,14,2,0.929149301299338,0.03787878787878788,0.0,0.14285714285714285
185,4748,70310,11,155,0,14,2,0.06752951216043238,0.07096774193548387,0.0,0.14285714285714285
186,32968,60176,4,62,3,14,1,0.5478596118053709,0.06451612903225806,0.21428571428571427,0.07142857142857142
187,33562,91066,1,167,4,9,2,0.3685458897942152,0.005988023952095809,0.4444444444444444,0.2222222222222222
188,14545,49327,15,143,2,12,3,0.2948689358769031,0.1048951048951049,0.16666666666666666,0.25
189,1663,73904,4,116,4,13,1,0.022502164970772894,0.034482758620689655,0.3076923076923077,0.07692307692307693
190,35766,8797,14,109,2,10,2,4.0657042173468225,0.12844036697247707,0.2,0.2
191,8994,52882,11,58,3,8,1,0.1700767747059491,0.1896551724137931,0.375,0.125
192,29021,18718,3,104,0,14,3,1.5504327385404424,0.028846153846153848,0.0,0.21428571428571427
193,31303,39560,14,196,0,12,2,0.7912790697674419,0.07142857142857142,0.0,0.16666666666666666
194,4304,81589,10,81,4,11,3,0.05275220924389317,0.12345679012345678,0.36363636363636365,0.2727272727272727
195,47576,27116,15,125,0,9,3,1.7545360672665584,0.12,0.0,0.3333333333333333
196,40353,41244,5,126,3,12,3,0.9783968577247599,0.03968253968253968,0.25,0.25
197,18675,6645,13,73,4,7,2,2.8103837471783297,0.1780821917808219,0.5714285714285714,0.2857142857142857
198,45417,52523,17,145,2,10,0,0.8647068903147193,0.11724137931034483,0.2,0.0
199,24938,24256,11,28,0,4,2,1.0281167546174141,0.39285714285714285,0.0,0.5
200,24664,58173,10,107,1,9,3,0.4239767589775325,0.09345794392523364,0.1111111111111111,0.3333333333333333
201,2636,42430,12,56,0,6,2,0.06212585434833844,0.21428571428571427,0.0,0.3333333333333333
202,21080,44282,10,68,2,11,3,0.47603992592927147,0.14705882352941177,0.18181818181818182,0.2727272727272727
203,28728,68374,15,60,4,14,0,0.4201597098312224,0.25,0.2857142857142857,0.0
204,27736,73244,14,36,2,3,1,0.37867948227841186,0.3888888888888889,0.6666666666666666,0.3333333333333333
205,29673,16694,14,107,1,9,0,1.7774649574697496,0.1308411214953271,0.1111111111111111,0.0
206,38505,61264,3,40,3,8,0,0.6285094019326195,0.075,0.375,0.0
207,48323,80060,10,70,0,10,1,0.6035848113914564,0.14285714285714285,0.0,0.1
208,47645,62545,18,78,4,7,2,0.7617715245023583,0.23076923076923078,0.5714285714285714,0.2857142857142857
209,1854,44224,14,186,3,3,1,0.041922937771345876,0.07526881720430108,1.0,0.3333333333333333
210,25548,18224,3,60,2,3,2,1.4018876207199298,0.05,0.6666666666666666,0.6666666666666666
211,39623,45738,12,58,4,11,2,0.8663037299400935,0.20689655172413793,0.36363636363636365,0.18181818181818182
212,8392,30150,18,160,3,12,3,0.27834162520729683,0.1125,0.25,0.25
213,47717,68731,1,30,4,8,3,0.6942573220235411,0.03333333333333333,0.5,0.375
214,22556,54688,13,166,1,12,1,0.41244880046811,0.0783132530120482,0.08333333333333333,0.08333333333333333
215,39559,78509,3,158,1,7,0,0.5038785362187774,0.0189873417721519,0.14285714285714285,0.0
216,27309,13577,15,96,0,3,1,2.011416365912941,0.15625,0.0,0.3333333333333333
217,22919,13070,19,146,0,8,2,1.753557765876052,0.13013698630136986,0.0,0.25
218,5931,13666,13,65,1,8,3,0.43399678033074784,0.2,0.125,0.375
219,33970,62761,14,64,4,5,1,0.5412596994949093,0.21875,0.8,0.2
220,45215,41368,2,20,1,10,1,1.0929945851866176,0.1,0.1,0.1
221,13688,11783,7,187,0,3,3,1.1616735975558008,0.0374331550802139,0.0,1.0
222,26342,46914,15,127,1,3,3,0.5614955024086626,0.11811023622047244,0.3333333333333333,1.0
223,38157,75507,9,38,1,8,3,0.5053438754022805,0.23684210526315788,0.125,0.375
224,3327,84026,3,95,4,12,2,0.03959488729678909,0.031578947368421054,0.3333333333333333,0.16666666666666666
225,41772,72526,17,91,3,3,3,0.5759589664396216,0.18681318681318682,1.0,1.0
226,41545,75835,1,128,0,8,0,0.5478341135359662,0.0078125,0.0,0.0
227,1197,50765,16,31,4,3,1,0.023579237663744704,0.5161290322580645,1.3333333333333333,0.3333333333333333
228,24509,24956,12,180,1,8,3,0.9820884757172624,0.06666666666666667,0.125,0.375
229,35698,92895,3,64,1,5,3,0.38428333064212283,0.046875,0.2,0.6
230,45542,51240,10,109,3,10,2,0.8887978142076502,0.09174311926605505,0.3,0.2
231,16087,42148,6,122,0,8,2,0.3816788459713391,0.04918032786885246,0.0,0.25
232,23671,99270,11,27,0,13,1,0.2384506900372721,0.4074074074074074,0.0,0.07692307692307693
233,26184,9757,9,172,2,3,0,2.683611765911653,0.05232558139534884,0.6666666666666666,0.0
234,28848,24097,6,110,0,7,1,1.1971614723824542,0.05454545454545454,0.0,0.14285714285714285
235,43107,15395,12,193,3,10,3,2.800064956154596,0.06217616580310881,0.3,0.3
236,21666,21241,6,106,2,5,0,1.0200084741772986,0.05660377358490566,0.4,0.0
237,45357,32696,16,177,2,14,0,1.3872339124051871,0.0903954802259887,0.14285714285714285,0.0
238,16708,75480,9,194,1,8,0,0.22135665076841549,0.04639175257731959,0.125,0.0
239,27370,51163,9,196,1,7,0,0.5349569024490355,0.04591836734693878,0.14285714285714285,0.0
240,3811,24816,3,194,0,8,1,0.15357027724049,0.015463917525773196,0.0,0.125
241,48011,54840,19,103,2,12,2,0.875474106491612,0.18446601941747573,0.16666666666666666,0.16666666666666666
242,7546,57853,3,101,1,3,2,0.1304340310787686,0.0297029702970297,0.3333333333333333,0.6666666666666666
243,35754,29917,6,165,3,9,3,1.1951064612093458,0.03636363636363636,0.3333333333333333,0.3333333333333333
244,31206,26566,0,87,1,11,2,1.1746593390047428,0.0,0.09090909090909091,0.18181818181818182
245,42106,80452,11,180,1,4,2,0.5233679709640531,0.06111111111111111,0.25,0.5
246,12411,67823,12,146,2,12,2,0.18299102074517495,0.0821917808219178,0.16666666666666666,0.16666666666666666
247,3911,25806,9,183,2,7,2,0.15155390219328838,0.04918032786885246,0.2857142857142857,0.2857142857142857
248,2734,80520,14,101,4,12,3,0.03395429706905117,0.13861386138613863,0.3333333333333333,0.25
249,19227,6759,12,166,3,6,1,2.8446515756768753,0.07228915662650602,0.5,0.16666666666666666
250,9680,46949,8,175,2,8,0,0.20618117531789815,0.045714285714285714,0.25,0.0
251,20360,97374,8,187,0,8,2,0.209090722369421,0.0427807486631016,0.0,0.25
252,19343,7482,14,103,3,13,1,2.5852713178294575,0.13592233009708737,0.23076923076923078,0.07692307692307693
253,6759,29442,9,132,3,4,2,0.22957000203790504,0.06818181818181818,0.75,0.5
254,24078,38719,9,95,2,4,2,0.621865234122782,0.09473684210526316,0.5,0.5
255,36153,63066,7,141,3,6,0,0.5732565883360289,0.04964539007092199,0.5,0.0
256,12111,98501,15,162,2,3,0,0.1229530664663303,0.09259259259259259,0.6666666666666666,0.0
257,38504,7079,16,60,1,11,0,5.439186325752225,0.26666666666666666,0.09090909090909091,0.0
258,2802,7717,4,186,4,9,2,0.36309446676169493,0.021505376344086023,0.4444444444444444,0.2222222222222222
259,9155,64676,3,21,1,14,2,0.14155173480116273,0.14285714285714285,0.07142857142857142,0.14285714285714285
260,9120,32952,17,48,2,9,2,0.2767662053896577,0.3541666666666667,0.2222222222222222,0.2222222222222222
261,40384,91444,18,124,2,5,0,0.44162547570097543,0.14516129032258066,0.4,0.0
262,48025,47460,3,70,1,13,3,1.0119047619047619,0.04285714285714286,0.07692307692307693,0.23076923076923078
263,48254,95397,6,94,0,14,1,0.505823034267325,0.06382978723404255,0.0,0.07142857142857142
264,22918,77847,9,29,0,5,3,0.29439798579264453,0.3103448275862069,0.0,0.6
265,21445,98607,17,161,0,3,2,0.2174794892857505,0.10559006211180125,0.0,0.6666666666666666
266,31306,94106,18,70,2,5,2,0.3326674175929271,0.2571428571428571,0.4,0.4
267,17646,23449,3,137,3,5,3,0.7525267602029937,0.021897810218978103,0.6,0.6
268,47843,38536,9,140,2,6,2,1.2415144280672619,0.06428571428571428,0.3333333333333333,0.3333333333333333
269,32065,69077,0,58,3,6,1,0.4641921334163325,0.0,0.5,0.16666666666666666
270,26199,43258,17,47,1,5,2,0.605645198575986,0.3617021276595745,0.2,0.4
271,42976,53302,4,22,4,12,1,0.8062736857904018,0.18181818181818182,0.3333333333333333,0.08333333333333333
272,17371,33865,14,103,3,14,3,0.5129484718736158,0.13592233009708737,0.21428571428571427,0.21428571428571427
273,12835,11645,16,174,0,10,3,1.102189781021898,0.09195402298850575,0.0,0.3
274,46936,43000,2,136,2,10,2,1.0915348837209302,0.014705882352941176,0.2,0.2
275,3049,31737,11,21,1,3,1,0.09607083215174717,0.5238095238095238,0.3333333333333333,0.3333333333333333
276,32616,16485,1,112,0,9,2,1.97852593266606,0.008928571428571428,0.0,0.2222222222222222
277,39191,43565,0,185,1,13,0,0.8995983013887295,0.0,0.07692307692307693,0.0
278,48357,30522,16,150,4,4,0,1.5843326125417732,0.10666666666666667,1.0,0.0
279,21932,70155,15,163,2,3,0,0.31262205117240394,0.09202453987730061,0.6666666666666666,0.0
280,30855,60168,4,113,2,5,0,0.5128141204627045,0.035398230088495575,0.4,0.0
281,8158,57487,14,59,4,6,2,0.14191034494755336,0.23728813559322035,0.6666666666666666,0.3333333333333333
282,44016,17342,2,21,2,8,0,2.5381155576058125,0.09523809523809523,0.25,0.0
283,8400,45806,6,100,3,12,1,0.18338208968257433,0.06,0.25,0.08333333333333333
284,43642,53770,10,188,1,7,3,0.8116421796540823,0.05319148936170213,0.14285714285714285,0.42857142857142855
285,16151,83623,9,31,0,6,3,0.19314064312449924,0.2903225806451613,0.0,0.5
286,2154,80629,8,182,4,10,0,0.026714953676716814,0.04395604395604396,0.4,0.0
287,5499,57603,13,84,3,13,0,0.0954637779282329,0.15476190476190477,0.23076923076923078,0.0
288,7295,86974,12,74,0,14,0,0.08387564099615977,0.16216216216216217,0.0,0.0
289,13183,31399,1,64,0,6,2,0.4198541354820217,0.015625,0.0,0.3333333333333333
290,30299,90382,2,120,4,12,3,0.3352326790732668,0.016666666666666666,0.3333333333333333,0.25
291,13874,86244,6,81,3,14,0,0.16086916191271278,0.07407407407407407,0.21428571428571427,0.0
292,33711,81534,17,68,0,4,1,0.4134594157038781,0.25,0.0,0.25
293,6539,60106,2,146,0,5,0,0.10879113566033341,0.0136986301369863,0.0,0.0
294,43405,35678,9,172,3,8,3,1.216576041257918,0.05232558139534884,0.375,0.375
295,49354,81218,6,42,2,10,0,0.6076731758969687,0.14285714285714285,0.2,0.0
296,3557,68230,8,171,0,10,3,0.052132493038252965,0.04678362573099415,0.0,0.3
297,39360,79055,16,57,1,13,0,0.4978812219340965,0.2807017543859649,0.07692307692307693,0.0
298,17482,61373,10,47,3,11,1,0.2848483860981213,0.2127659574468085,0.2727272727272727,0.09090909090909091
299,3200,36480,6,40,0,9,0,0.08771929824561403,0.15,0.0,0.0
300,47940,90230,13,126,4,4,1,0.531308877313532,0.10317460317460317,1.0,0.25
301,3961,73836,18,165,1,10,1,0.05364591798038897,0.10909090909090909,0.1,0.1
302,47975,77258,3,183,0,9,0,0.6209712909989904,0.01639344262295082,0.0,0.0
303,22357,44986,5,118,1,10,1,0.4969768372382519,0.0423728813559322,0.1,0.1
304,12969,29160,9,192,1,14,2,0.4447530864197531,0.046875,0.07142857142857142,0.14285714285714285
305,3869,90595,6,138,2,5,0,0.042706551134168554,0.043478260869565216,0.4,0.0
306,47760,84111,12,92,1,9,0,0.5678210935549453,0.13043478260869565,0.1111111111111111,0.0
307,29643,69929,13,141,2,12,1,0.42390138569120106,0.09219858156028368,0.16666666666666666,0.08333333333333333
308,25736,78506,3,49,3,11,1,0.32782207729345525,0.061224489795918366,0.2727272727272727,0.09090909090909091
309,39467,39911,7,127,2,5,0,0.9888752474255218,0.05511811023622047,0.4,0.0
310,24328,92127,4,117,4,12,2,0.26407025084937097,0.03418803418803419,0.3333333333333333,0.16666666666666666
311,26876,36821,0,51,0,8,1,0.7299095624779338,0.0,0.0,0.125
312,22295,80039,3,175,3,4,1,0.27855170604330387,0.017142857142857144,0.75,0.25
313,4987,65535,2,191,3,4,3,0.07609674219882505,0.010471204188481676,0.75,0.75
314,23399,89458,8,98,4,7,2,0.2615640859397706,0.08163265306122448,0.5714285714285714,0.2857142857142857
315,47214,17175,7,60,2,7,2,2.7489956331877727,0.11666666666666667,0.2857142857142857,0.2857142857142857
316,34986,59771,0,82,0,9,0,0.585334024861555,0.0,0.0,0.0
317,21880,91925,5,42,2,14,2,0.2380201251019853,0.11904761904761904,0.14285714285714285,0.14285714285714285
318,5735,71358,8,123,1,4,0,0.08036940497211245,0.06504065040650407,0.25,0.0
319,45064,22327,6,94,2,13,3,2.0183634164912436,0.06382978723404255,0.15384615384615385,0.23076923076923078
320,5555,52057,3,67,3,9,2,0.1067099525520103,0.04477611940298507,0.3333333333333333,0.2222222222222222
321,42914,11150,12,179,0,7,1,3.8487892376681616,0.0670391061452514,0.0,0.14285714285714285
322,41818,9425,16,76,2,8,3,4.436923076923077,0.21052631578947367,0.25,0.375
323,46525,21032,1,137,0,10,0,2.212105363255991,0.0072992700729927005,0.0,0.0
324,20830,7198,4,119,0,12,3,2.893859405390386,0.03361344537815126,0.0,0.25
325,18429,65500,11,143,1,14,0,0.2813587786259542,0.07692307692307693,0.07142857142857142,0.0
326,7893,58394,7,180,1,6,3,0.13516799671199095,0.03888888888888889,0.16666666666666666,0.5
327,15373,25079,5,171,3,9,0,0.6129829738027832,0.029239766081871343,0.3333333333333333,0.0
328,48333,41220,7,186,4,8,2,1.1725618631732169,0.03763440860215054,0.5,0.25
329,4436,46874,17,53,0,12,1,0.09463668558262577,0.32075471698113206,0.0,0.08333333333333333
330,9754,18859,2,175,4,4,0,0.5172066387401241,0.011428571428571429,1.0,0.0
331,11677,55460,11,184,3,10,3,0.21054814280562567,0.059782608695652176,0.3,0.3
332,6895,36419,2,26,0,12,0,0.18932425382355364,0.07692307692307693,0.0,0.0
333,20738,13705,5,184,0,11,0,1.5131703757752646,0.02717391304347826,0.0,0.0
334,31746,47880,1,75,4,7,0,0.6630325814536341,0.013333333333333334,0.5714285714285714,0.0
335,49404,28236,11,84,2,12,3,1.7496812579685508,0.13095238095238096,0.16666666666666666,0.25
336,33352,92955,1,66,1,6,1,0.3587972674950245,0.015151515151515152,0.16666666666666666,0.16666666666666666
337,40790,90514,5,167,2,8,2,0.4506485184612325,0.029940119760479042,0.25,0.25
338,42919,20358,16,38,4,10,1,2.1082129875233324,0.42105263157894735,0.4,0.1
339,6600,99914,2,176,1,13,0,0.06605680885561582,0.011363636363636364,0.07692307692307693,0.0
340,30124,81918,1,165,2,5,3,0.36773358724578237,0.006060606060606061,0.4,0.6
341,28643,19596,19,182,1,12,1,1.4616758522147377,0.1043956043956044,0.08333333333333333,0.08333333333333333
342,41764,38572,7,190,0,13,0,1.082754329565488,0.03684210526315789,0.0,0.0
343,10007,83757,11,145,2,13,2,0.1194765810618814,0.07586206896551724,0.15384615384615385,0.15384615384615385
344,46714,6279,3,158,1,3,2,7.439719700589266,0.0189873417721519,0.3333333333333333,0.6666666666666666
345,38410,68197,4,68,1,6,2,0.5632212560669824,0.058823529411764705,0.16666666666666666,0.3333333333333333
346,45080,67516,12,132,1,6,0,0.6676935837431127,0.09090909090909091,0.16666666666666666,0.0
347,41447,12083,14,57,2,3,3,3.4301911776876604,0.24561403508771928,0.6666666666666666,1.0
348,9208,22771,15,83,3,11,1,0.40437398445391065,0.18072289156626506,0.2727272727272727,0.09090909090909091
349,19589,34975,9,88,2,5,2,0.5600857755539671,0.10227272727272728,0.4,0.4
350,44484,50648,15,155,4,7,0,0.8782972674143106,0.0967741935483871,0.5714285714285714,0.0
351,18453,53285,11,181,2,8,0,0.34630759125457444,0.06077348066298342,0.25,0.0
352,37212,24063,16,195,1,10,1,1.5464405934422143,0.08205128205128205,0.1,0.1
353,44525,72642,15,135,0,8,2,0.6129374191239227,0.1111111111111111,0.0,0.25
354,48202,95093,11,84,2,5,0,0.5068932518692227,0.13095238095238096,0.4,0.0
355,33635,91143,7,50,2,8,1,0.3690354717312355,0.14,0.25,0.125
356,34828,42599,19,151,1,3,3,0.8175778774149628,0.12582781456953643,0.3333333333333333,1.0
357,19711,56920,2,132,0,6,3,0.346293042867182,0.015151515151515152,0.0,0.5
358,4420,33529,15,128,0,8,3,0.13182618032151272,0.1171875,0.0,0.375
359,32216,40954,12,197,4,9,2,0.7866386677735997,0.06091370558375635,0.4444444444444444,0.2222222222222222
360,1301,32856,18,88,2,13,1,0.03959702946189433,0.20454545454545456,0.15384615384615385,0.07692307692307693
361,46236,7573,7,177,0,13,1,6.10537435626568,0.03954802259887006,0.0,0.07692307692307693
362,1699,83344,4,139,0,12,0,0.02038539066999424,0.02877697841726619,0.0,0.0
363,1190,40367,19,107,3,5,0,0.029479525354869075,0.17757009345794392,0.6,0.0
364,11492,65774,7,86,3,11,0,0.17471949402499468,0.08139534883720931,0.2727272727272727,0.0
365,36743,28752,11,94,0,14,1,1.2779284919309961,0.11702127659574468,0.0,0.07142857142857142
366,7102,60029,0,64,4,14,0,0.11830948374952106,0.0,0.2857142857142857,0.0
367,20778,22685,19,23,0,9,1,0.9159356402909411,0.8260869565217391,0.0,0.1111111111111111
368,27641,56693,5,173,1,3,1,0.48755578290088725,0.028901734104046242,0.3333333333333333,0.3333333333333333
369,35584,60961,17,174,2,4,3,0.5837174587031053,0.09770114942528736,0.5,0.75
370,33745,81908,7,193,4,3,0,0.41198661913366214,0.03626943005181347,1.3333333333333333,0.0
371,24093,79532,6,126,1,13,3,0.302934667806669,0.047619047619047616,0.07692307692307693,0.23076923076923078
372,1569,86994,0,70,4,11,2,0.01803572660183461,0.0,0.36363636363636365,0.18181818181818182
373,39210,61133,15,69,1,11,2,0.641388448137667,0.21739130434782608,0.09090909090909091,0.18181818181818182
374,35663,66268,11,25,2,9,2,0.5381632160318706,0.44,0.2222222222222222,0.2222222222222222
375,37631,97201,5,78,2,12,1,0.3871462227754858,0.0641025641025641,0.16666666666666666,0.08333333333333333
376,46681,43243,19,144,3,5,1,1.0795041972111092,0.13194444444444445,0.6,0.2
377,8455,62384,1,162,1,7,1,0.13553154655039754,0.006172839506172839,0.14285714285714285,0.14285714285714285
378,5014,36653,13,49,3,6,0,0.13679644231031565,0.2653061224489796,0.5,0.0
379,12093,31657,3,189,1,9,3,0.38200082130334523,0.015873015873015872,0.1111111111111111,0.3333333333333333
380,19070,44952,0,141,3,11,1,0.42423029008720414,0.0,0.2727272727272727,0.09090909090909091
381,36777,27180,17,144,2,14,3,1.3530905077262694,0.11805555555555555,0.14285714285714285,0.21428571428571427
382,17538,83411,12,56,4,4,3,0.21026003764491494,0.21428571428571427,1.0,0.75
383,11729,6622,1,189,3,10,3,1.771217154938085,0.005291005291005291,0.3,0.3
384,35177,53756,8,143,1,11,0,0.6543827665748939,0.055944055944055944,0.09090909090909091,0.0
385,46017,45809,1,120,1,12,0,1.004540592459997,0.008333333333333333,0.08333333333333333,0.0
386,1784,21725,8,54,2,12,2,0.08211737629459148,0.14814814814814814,0.16666666666666666,0.16666666666666666
387,28751,66396,0,106,1,11,2,0.4330230736791373,0.0,0.09090909090909091,0.18181818181818182
388,41864,56226,10,153,0,12,3,0.7445665706256892,0.06535947712418301,0.0,0.25
389,41328,86182,2,37,4,9,2,0.47954329210275926,0.05405405405405406,0.4444444444444444,0.2222222222222222
390,13533,87565,19,132,3,11,3,0.15454805001998514,0.14393939393939395,0.2727272727272727,0.2727272727272727
391,41111,34402,3,48,4,11,0,1.1950177315272368,0.0625,0.36363636363636365,0.0
392,40974,9263,17,96,2,5,0,4.423404944402462,0.17708333333333334,0.4,0.0
393,6801,51828,5,78,3,6,0,0.13122250520953924,0.0641025641025641,0.5,0.0
394,20190,52924,2,194,3,4,1,0.3814904391202479,0.010309278350515464,0.75,0.25
395,39754,79182,10,145,0,12,3,0.502058548660049,0.06896551724137931,0.0,0.25
396,30592,98065,14,164,2,5,0,0.31195635547850914,0.08536585365853659,0.4,0.0
397,11647,64052,4,128,1,13,3,0.1818366327359021,0.03125,0.07692307692307693,0.23076923076923078
398,9716,16664,19,41,0,13,2,0.5830532885261642,0.4634146341463415,0.0,0.15384615384615385
399,24355,40737,9,87,0,7,2,0.5978594398212926,0.10344827586206896,0.0,0.2857142857142857
400,23009,94563,11,88,4,7,0,0.24331926863572434,0.125,0.5714285714285714,0.0
401,25376,34373,14,184,4,8,3,0.7382538620428825,0.07608695652173914,0.5,0.375
402,46091,41397,16,68,4,9,0,1.1133898591685387,0.23529411764705882,0.4444444444444444,0.0
403,5780,91145,9,160,0,9,2,0.06341543694113774,0.05625,0.0,0.2222222222222222
404,3368,43709,5,181,1,3,0,0.077055068750143,0.027624309392265192,0.3333333333333333,0.0
405,13039,66120,17,128,3,4,3,0.19720205686630368,0.1328125,0.75,0.75
406,7655,24250,12,105,4,14,2,0.3156701030927835,0.11428571428571428,0.2857142857142857,0.14285714285714285
407,41941,26172,2,72,1,11,1,1.6025141372459117,0.027777777777777776,0.09090909090909091,0.09090909090909091
408,5495,16555,9,142,2,12,2,0.33192389006342493,0.06338028169014084,0.16666666666666666,0.16666666666666666
409,11893,92410,13,106,4,4,1,0.12869819283627312,0.12264150943396226,1.0,0.25
410,26547,83617,5,198,3,8,0,0.3174832868914216,0.025252525252525252,0.375,0.0
411,23386,58276,2,150,2,13,0,0.4012972750360354,0.013333333333333334,0.15384615384615385,0.0
412,14403,62492,15,61,2,13,3,0.23047750112014337,0.2459016393442623,0.15384615384615385,0.23076923076923078
413,33097,58002,6,117,3,3,1,0.5706182545429468,0.05128205128205128,1.0,0.3333333333333333
414,14121,94599,19,179,4,5,0,0.14927219103796024,0.10614525139664804,0.8,0.0
415,11966,77355,13,128,0,4,1,0.1546894189128046,0.1015625,0.0,0.25
416,34621,96248,8,70,3,5,0,0.3597061757127421,0.11428571428571428,0.6,0.0
417,29312,29762,14,104,3,7,2,0.9848800483838451,0.1346153846153846,0.42857142857142855,0.2857142857142857
418,23677,16046,2,193,3,13,0,1.4755702355727285,0.010362694300518135,0.23076923076923078,0.0
419,32289,33769,1,146,2,12,3,0.9561728212265688,0.00684931506849315,0.16666666666666666,0.25
420,32024,58302,1,40,1,8,2,0.5492778978422695,0.025,0.125,0.25
421,43675,28150,2,63,0,11,3,1.5515097690941386,0.031746031746031744,0.0,0.2727272727272727
422,5777,73247,17,158,4,14,2,0.07887012437369449,0.10759493670886076,0.2857142857142857,0.14285714285714285
423,30749,9853,13,122,4,13,1,3.1207753983558306,0.10655737704918032,0.3076923076923077,0.07692307692307693
424,16338,99613,19,87,1,12,3,0.16401473703231506,0.21839080459770116,0.08333333333333333,0.25
425,3491,94399,17,148,3,14,0,0.03698132395470291,0.11486486486486487,0.21428571428571427,0.0
426,28236,26792,9,111,0,14,1,1.0538966855777845,0.08108108108108109,0.0,0.07142857142857142
427,49096,64129,1,43,4,6,0,0.7655818740351479,0.023255813953488372,0.6666666666666666,0.0
428,15599,79478,0,144,4,9,2,0.19626814967664008,0.0,0.4444444444444444,0.2222222222222222
429,20508,72298,3,160,3,8,2,0.2836592990124208,0.01875,0.375,0.25
430,4051,36987,13,130,1,4,0,0.10952496823208155,0.1,0.25,0.0
431,49747,20850,0,117,0,12,0,2.385947242206235,0.0,0.0,0.0
432,22606,17112,13,158,1,13,1,1.3210612435717626,0.08227848101265822,0.07692307692307693,0.07692307692307693
433,22699,29058,15,198,1,13,0,0.7811618143024296,0.07575757575757576,0.07692307692307693,0.0
434,1876,50420,13,36,0,13,3,0.03720745735819119,0.3611111111111111,0.0,0.23076923076923078
435,33093,43890,19,118,0,10,3,0.7539986329460013,0.16101694915254236,0.0,0.3
436,5142,71017,2,101,4,9,0,0.07240519875522762,0.019801980198019802,0.4444444444444444,0.0
437,16202,52304,2,123,4,9,3,0.3097659834811869,0.016260162601626018,0.4444444444444444,0.3333333333333333
438,40734,37921,8,171,0,10,0,1.0741805332137866,0.04678362573099415,0.0,0.0
439,8079,6524,5,38,2,14,1,1.2383507050889024,0.13157894736842105,0.14285714285714285,0.07142857142857142
440,8987,20048,12,184,4,14,3,0.44827414205905824,0.06521739130434782,0.2857142857142857,0.21428571428571427
441,40567,40111,1,104,2,13,3,1.01136845254419,0.009615384615384616,0.15384615384615385,0.23076923076923078
442,29940,42904,7,27,0,3,0,0.6978370315122133,0.25925925925925924,0.0,0.0
443,38233,59912,1,47,4,3,3,0.6381526238483108,0.02127659574468085,1.3333333333333333,1.0
444,18019,39008,3,24,1,10,2,0.4619308859721083,0.125,0.1,0.2
445,47185,5060,14,164,0,6,1,9.325098814229248,0.08536585365853659,0.0,0.16666666666666666
446,19077,79666,3,120,3,7,1,0.23946225491426706,0.025,0.42857142857142855,0.14285714285714285
447,27258,88559,12,183,2,10,3,0.3077948034643571,0.06557377049180328,0.2,0.3
448,22136,60337,11,137,0,7,3,0.3668727314914563,0.08029197080291971,0.0,0.42857142857142855
449,9311,18350,12,166,0,12,2,0.5074114441416894,0.07228915662650602,0.0,0.16666666666666666
450,18214,29354,13,83,4,6,2,0.6204946514955373,0.1566265060240964,0.6666666666666666,0.3333333333333333
451,15098,50186,19,110,4,14,3,0.3008408719563225,0.17272727272727273,0.2857142857142857,0.21428571428571427
452,29251,33145,17,136,4,8,3,0.8825162166239252,0.125,0.5,0.375
453,38945,39020,5,117,3,14,2,0.998077908764736,0.042735042735042736,0.21428571428571427,0.14285714285714285
454,48030,91123,10,30,4,7,0,0.5270897577998969,0.3333333333333333,0.5714285714285714,0.0
455,26945,80186,1,73,0,9,2,0.3360312273963036,0.0136986301369863,0.0,0.2222222222222222
456,26316,90469,18,192,4,12,0,0.2908841702682687,0.09375,0.3333333333333333,0.0
457,33217,25581,18,66,1,9,1,1.2985027950431962,0.2727272727272727,0.1111111111111111,0.1111111111111111
458,9308,93929,4,159,4,6,1,0.09909612579714465,0.025157232704402517,0.6666666666666666,0.16666666666666666
459,6949,28051,18,168,3,14,2,0.24772735374852947,0.10714285714285714,0.21428571428571427,0.14285714285714285
460,2150,56474,1,158,1,7,0,0.03807061656691575,0.006329113924050633,0.14285714285714285,0.0
461,24944,96748,9,24,0,5,2,0.257824451151445,0.375,0.0,0.4
462,35699,74626,1,39,0,6,2,0.47837214911692977,0.02564102564102564,0.0,0.3333333333333333
463,10204,11960,10,188,2,6,0,0.8531772575250837,0.05319148936170213,0.3333333333333333,0.0
464,2081,40772,17,65,1,5,2,0.05103992936328853,0.26153846153846155,0.2,0.4
465,30305,26520,14,31,2,12,1,1.1427224736048265,0.45161290322580644,0.16666666666666666,0.08333333333333333
466,17896,54481,8,89,1,7,3,0.3284814889594537,0.0898876404494382,0.14285714285714285,0.42857142857142855
467,47175,41408,18,36,1,7,3,1.1392726043276662,0.5,0.14285714285714285,0.42857142857142855
468,8805,99006,8,134,3,13,2,0.0889340039997576,0.05970149253731343,0.23076923076923078,0.15384615384615385
469,6237,62134,2,166,2,9,0,0.10037982425081277,0.012048192771084338,0.2222222222222222,0.0
470,21056,25491,8,173,3,6,0,0.8260170256168844,0.046242774566473986,0.5,0.0
471,46543,6341,13,67,1,6,1,7.340009462229932,0.19402985074626866,0.16666666666666666,0.16666666666666666
472,46952,49623,18,127,0,11,0,0.9461741531144832,0.14173228346456693,0.0,0.0
473,4343,95327,6,71,1,8,0,0.04555897070085076,0.08450704225352113,0.125,0.0
474,14500,5338,15,115,3,6,1,2.716373173473211,0.13043478260869565,0.5,0.16666666666666666
475,30375,76431,15,89,2,4,2,0.39741727832947366,0.16853932584269662,0.5,0.5
476,10662,17254,0,121,2,8,3,0.6179436652370465,0.0,0.25,0.375
477,17964,56860,3,94,3,4,1,0.31593387266971507,0.031914893617021274,0.75,0.25
478,48893,16344,3,180,2,7,2,2.9914953499755264,0.016666666666666666,0.2857142857142857,0.2857142857142857
479,9130,6750,6,170,4,8,1,1.3525925925925926,0.03529411764705882,0.5,0.125
480,20531,59756,7,162,0,6,2,0.3435805609478546,0.043209876543209874,0.0,0.3333333333333333
481,2679,72957,16,174,0,5,1,0.03672025987910687,0.09195402298850575,0.0,0.2
482,4506,63053,4,198,0,9,2,0.07146368927727467,0.020202020202020204,0.0,0.2222222222222222
483,14284,75855,6,101,2,4,1,0.18830663766396413,0.0594059405940594,0.5,0.25
484,8253,20896,19,111,2,13,2,0.39495597243491576,0.17117117117117117,0.15384615384615385,0.15384615384615385
485,20128,60761,19,198,1,8,1,0.3312651207188822,0.09595959595959595,0.125,0.125
486,28932,67552,3,194,1,6,3,0.42829227854097585,0.015463917525773196,0.16666666666666666,0.5
487,10435,82454,5,23,0,8,3,0.12655541271496834,0.21739130434782608,0.0,0.375
488,45078,95600,6,154,4,6,0,0.47152719665271964,0.03896103896103896,0.6666666666666666,0.0
489,14296,32935,17,128,1,6,2,0.4340671018673144,0.1328125,0.16666666666666666,0.3333333333333333
490,31445,42641,4,182,1,6,1,0.737435801224174,0.02197802197802198,0.16666666666666666,0.16666666666666666
491,14245,34711,19,67,2,11,2,0.4103886376076748,0.2835820895522388,0.18181818181818182,0.18181818181818182
492,30124,75342,2,92,4,9,3,0.3998301080406679,0.021739130434782608,0.4444444444444444,0.3333333333333333
493,30899,17182,6,91,0,5,2,1.798335467349552,0.06593406593406594,0.0,0.4
494,44919,92833,13,135,1,5,1,0.4838688828326134,0.0962962962962963,0.2,0.2
495,44225,61276,6,192,4,8,2,0.7217344474182388,0.03125,0.5,0.25
496,36247,24541,4,100,4,8,1,1.476997677356261,0.04,0.5,0.125
497,30222,99457,4,100,0,6,3,0.303870014176981,0.04,0.0,0.5
498,27211,87310,1,132,4,11,3,0.3116596037109151,0.007575757575757576,0.36363636363636365,0.2727272727272727
499,38220,49813,5,115,4,6,3,0.7672695882600927,0.043478260869565216,0.6666666666666666,0.5
500,27646,42198,14,91,4,11,0,0.65514953315323,0.15384615384615385,0.36363636363636365,0.0
501,39649,13820,9,166,1,6,3,2.868958031837916,0.05421686746987952,0.16666666666666666,0.5
502,24049,29070,6,82,0,4,2,0.8272789817681458,0.07317073170731707,0.0,0.5
503,15069,74768,4,57,4,4,0,0.20154344104429703,0.07017543859649122,1.0,0.0
504,33580,16122,0,86,4,7,3,2.0828681305049,0.0,0.5714285714285714,0.42857142857142855
505,32843,85559,12,88,1,6,2,0.3838637665236854,0.13636363636363635,0.16666666666666666,0.3333333333333333
506,3849,78543,17,32,0,9,2,0.04900500362858561,0.53125,0.0,0.2222222222222222
507,41158,88441,12,194,2,13,2,0.46537239515609274,0.061855670103092786,0.15384615384615385,0.15384615384615385
508,24289,46786,17,50,1,7,1,0.5191510280853247,0.34,0.14285714285714285,0.14285714285714285
509,45690,99934,4,133,0,8,0,0.45720175315708367,0.03007518796992481,0.0,0.0
510,36257,11737,12,41,4,12,2,3.0891198773110675,0.2926829268292683,0.3333333333333333,0.16666666666666666
511,10823,41062,3,112,0,6,1,0.263577029857289,0.026785714285714284,0.0,0.16666666666666666
512,42975,59237,16,190,0,14,3,0.725475631784189,0.08421052631578947,0.0,0.21428571428571427
513,10540,56571,2,86,0,4,2,0.18631454278694032,0.023255813953488372,0.0,0.5
514,17364,30510,16,73,2,12,1,0.5691248770894789,0.2191780821917808,0.16666666666666666,0.08333333333333333
515,5611,24426,10,157,0,11,2,0.22971423892573486,0.06369426751592357,0.0,0.18181818181818182
516,28663,42265,19,61,2,12,0,0.6781734295516385,0.3114754098360656,0.16666666666666666,0.0
517,39646,22850,3,83,4,9,0,1.735054704595186,0.03614457831325301,0.4444444444444444,0.0
518,31977,71150,1,145,2,6,3,0.44943078004216447,0.006896551724137931,0.3333333333333333,0.5
519,30168,92312,19,40,4,5,2,0.3268047491117081,0.475,0.8,0.4
520,26471,94613,15,188,4,12,1,0.2797818481604008,0.0797872340425532,0.3333333333333333,0.08333333333333333
521,23687,79910,17,171,2,5,3,0.2964209735952947,0.09941520467836257,0.4,0.6
522,1851,57375,7,54,1,11,2,0.03226143790849673,0.12962962962962962,0.09090909090909091,0.18181818181818182
523,19071,40435,2,49,3,7,3,0.4716458513663905,0.04081632653061224,0.42857142857142855,0.42857142857142855
524,7833,62132,8,76,0,5,1,0.12607030193780983,0.10526315789473684,0.0,0.2
525,12938,83945,19,66,3,7,3,0.15412472452200845,0.2878787878787879,0.42857142857142855,0.42857142857142855
526,36195,87050,5,182,0,4,3,0.4157955198161976,0.027472527472527472,0.0,0.75
527,27144,7983,9,38,0,13,3,3.400225479143179,0.23684210526315788,0.0,0.23076923076923078
528,5000,25662,9,133,4,6,2,0.19484062037253527,0.06766917293233082,0.6666666666666666,0.3333333333333333
529,6052,28510,12,27,0,12,1,0.21227639424763242,0.4444444444444444,0.0,0.08333333333333333
530,36506,83187,16,45,0,4,0,0.4388426076189789,0.35555555555555557,0.0,0.0
531,29074,45998,8,132,2,4,2,0.6320709596069395,0.06060606060606061,0.5,0.5
532,39155,61846,16,90,3,14,0,0.6331048087184297,0.17777777777777778,0.21428571428571427,0.0
533,41770,99071,8,49,2,10,0,0.4216168202602174,0.16326530612244897,0.2,0.0
534,33320,11640,8,154,0,3,2,2.8625429553264605,0.05194805194805195,0.0,0.6666666666666666
535,39304,49547,0,86,4,9,2,0.79326699901104,0.0,0.4444444444444444,0.2222222222222222
536,47247,59620,1,84,2,7,1,0.7924689701442469,0.011904761904761904,0.2857142857142857,0.14285714285714285
537,4913,20317,15,55,2,13,1,0.24181719742087907,0.2727272727272727,0.15384615384615385,0.07692307692307693
538,18450,12564,0,44,1,10,3,1.4684813753581663,0.0,0.1,0.3
539,25107,32345,9,56,0,3,0,0.7762250734271139,0.16071428571428573,0.0,0.0
540,21764,99223,17,20,4,13,1,0.21934430525180654,0.85,0.3076923076923077,0.07692307692307693
541,44404,84273,7,162,2,9,3,0.5269066011652606,0.043209876543209874,0.2222222222222222,0.3333333333333333
542,21491,79859,10,56,2,7,1,0.2691118095643572,0.17857142857142858,0.2857142857142857,0.14285714285714285
543,39494,85765,1,160,4,6,2,0.460490876231563,0.00625,0.6666666666666666,0.3333333333333333
544,4373,79038,7,155,0,9,1,0.055327816999418,0.04516129032258064,0.0,0.1111111111111111
545,13161,57393,7,152,1,12,0,0.22931367936856412,0.046052631578947366,0.08333333333333333,0.0
546,32996,71081,16,147,2,4,1,0.464202810877731,0.10884353741496598,0.5,0.25
547,28122,34430,14,146,1,14,0,0.8167876851582921,0.0958904109589041,0.07142857142857142,0.0
548,35850,80532,16,20,3,3,2,0.4451646550439577,0.8,1.0,0.6666666666666666
549,28350,32788,12,183,0,3,0,0.8646456020495303,0.06557377049180328,0.0,0.0
550,28472,53543,18,54,3,13,1,0.5317595203854846,0.3333333333333333,0.23076923076923078,0.07692307692307693
551,29761,18919,4,123,3,14,3,1.5730746868227707,0.032520325203252036,0.21428571428571427,0.21428571428571427
552,26351,74346,11,42,3,3,2,0.35443736044978885,0.2619047619047619,1.0,0.6666666666666666
553,24132,44974,0,28,0,14,1,0.5365766887535021,0.0,0.0,0.07142857142857142
554,16305,21371,4,53,0,7,2,0.7629497917738992,0.07547169811320754,0.0,0.2857142857142857
555,10817,50084,7,193,4,12,2,0.2159771583739318,0.03626943005181347,0.3333333333333333,0.16666666666666666
556,12261,34629,12,147,1,9,1,0.3540674001559387,0.08163265306122448,0.1111111111111111,0.1111111111111111
557,1417,56184,7,23,1,4,1,0.025220703403104085,0.30434782608695654,0.25,0.25
558,42576,66916,10,177,4,12,3,0.6362603861557774,0.05649717514124294,0.3333333333333333,0.25
559,21358,78972,0,121,4,10,2,0.2704502861773793,0.0,0.4,0.2
560,4267,67187,12,94,3,6,2,0.06350930983672437,0.1276595744680851,0.5,0.3333333333333333
561,18209,17984,18,118,4,14,1,1.0125111209964412,0.15254237288135594,0.2857142857142857,0.07142857142857142
562,25052,38039,2,91,2,5,0,0.6585872394121822,0.02197802197802198,0.4,0.0
563,39513,90431,16,22,1,12,1,0.4369408720460904,0.7272727272727273,0.08333333333333333,0.08333333333333333
564,27092,88691,4,161,4,13,2,0.3054650415487479,0.024844720496894408,0.3076923076923077,0.15384615384615385
565,12338,63606,19,192,2,10,1,0.19397541112473665,0.09895833333333333,0.2,0.1
566,1412,15616,7,53,2,4,3,0.09042008196721311,0.1320754716981132,0.5,0.75
567,8543,55072,13,64,2,13,0,0.15512420104590355,0.203125,0.15384615384615385,0.0
568,41355,29574,3,80,2,13,1,1.3983566646378576,0.0375,0.15384615384615385,0.07692307692307693
569,34496,8430,10,102,3,5,3,4.092052194543298,0.09803921568627451,0.6,0.6
570,24548,17676,19,142,2,14,2,1.3887757411179,0.13380281690140844,0.14285714285714285,0.14285714285714285
571,28384,15816,14,121,3,5,1,1.7946383409205868,0.11570247933884298,0.6,0.2
572,45425,37733,18,35,3,12,2,1.2038533909310154,0.5142857142857142,0.25,0.16666666666666666
573,39756,90680,6,85,2,13,3,0.4384208204675783,0.07058823529411765,0.15384615384615385,0.23076923076923078
574,19888,7050,18,187,1,3,2,2.8209929078014184,0.0962566844919786,0.3333333333333333,0.6666666666666666
575,36735,38933,18,164,2,8,3,0.9435440371920992,0.10975609756097561,0.25,0.375
576,48295,29951,10,138,2,4,3,1.6124670294814865,0.07246376811594203,0.5,0.75
577,49816,37413,4,181,2,3,3,1.3315157832838853,0.022099447513812154,0.6666666666666666,1.0
578,18506,39801,4,143,1,4,1,0.464963191879601,0.027972027972027972,0.25,0.25
579,21463,60619,7,163,0,14,2,0.35406390735577953,0.04294478527607362,0.0,0.14285714285714285
580,18955,37913,9,121,0,8,2,0.49996043573444465,0.0743801652892562,0.0,0.25
581,38841,45600,5,85,3,6,0,0.8517763157894737,0.058823529411764705,0.5,0.0
582,6104,62775,14,32,3,8,0,0.09723616089207487,0.4375,0.375,0.0
583,35911,95816,15,130,1,14,0,0.3747912665943057,0.11538461538461539,0.07142857142857142,0.0
584,24190,95093,16,178,4,11,0,0.25438255181769426,0.0898876404494382,0.36363636363636365,0.0
585,8357,40400,7,53,0,12,2,0.20685643564356435,0.1320754716981132,0.0,0.16666666666666666
586,33479,9494,7,58,3,14,3,3.52633242047609,0.1206896551724138,0.21428571428571427,0.21428571428571427
587,45811,85688,8,155,0,12,3,0.5346256185230137,0.05161290322580645,0.0,0.25
588,37208,94431,1,139,1,10,1,0.3940231491777065,0.007194244604316547,0.1,0.1
589,21150,79691,14,145,1,3,3,0.2654001079168288,0.09655172413793103,0.3333333333333333,1.0
590,6644,48001,17,74,4,10,2,0.13841378304618654,0.22972972972972974,0.4,0.2
591,44286,72364,2,46,4,11,2,0.6119893869880051,0.043478260869565216,0.36363636363636365,0.18181818181818182
592,48320,50028,16,137,1,8,2,0.9658591188934197,0.11678832116788321,0.125,0.25
593,3914,42573,3,72,3,12,1,0.09193620369717896,0.041666666666666664,0.25,0.08333333333333333
594,22352,5806,3,58,0,7,0,3.8498105408198415,0.05172413793103448,0.0,0.0
595,47352,61638,13,84,2,8,3,0.7682273921931276,0.15476190476190477,0.25,0.375
596,45912,34757,8,164,4,8,2,1.3209425439479816,0.04878048780487805,0.5,0.25
597,15397,39636,8,177,2,11,2,0.38845998587143,0.04519774011299435,0.18181818181818182,0.18181818181818182
598,42555,85097,17,32,3,6,0,0.5000763834212721,0.53125,0.5,0.0
599,47959,53280,9,40,4,4,2,0.9001313813813814,0.225,1.0,0.5
600,1728,29262,3,166,2,13,3,0.059052696329710885,0.018072289156626505,0.15384615384615385,0.23076923076923078
601,1698,85435,11,72,3,13,1,0.01987475858840054,0.1527777777777778,0.23076923076923078,0.07692307692307693
602,40954,67211,7,38,0,11,2,0.6093347815089792,0.18421052631578946,0.0,0.18181818181818182
603,48280,59842,1,76,3,4,3,0.8067912168710939,0.013157894736842105,0.75,0.75
604,14923,61979,12,44,4,12,2,0.24077510124396972,0.2727272727272727,0.3333333333333333,0.16666666666666666
605,17779,86470,15,50,1,11,0,0.20560888169307273,0.3,0.09090909090909091,0.0
606,8400,43197,1,100,0,4,2,0.19445794846864364,0.01,0.0,0.5
607,25466,46844,10,42,2,14,2,0.5436341900777047,0.23809523809523808,0.14285714285714285,0.14285714285714285
608,37939,69754,9,51,4,10,1,0.5438971241792585,0.17647058823529413,0.4,0.1
609,5360,39157,14,93,1,11,0,0.13688484817529434,0.15053763440860216,0.09090909090909091,0.0
610,36270,82129,16,29,3,14,0,0.4416223258532309,0.5517241379310345,0.21428571428571427,0.0
611,18101,45042,7,73,1,12,1,0.40186936636916654,0.0958904109589041,0.08333333333333333,0.08333333333333333
612,33307,66665,17,71,4,11,2,0.49961749043726095,0.23943661971830985,0.36363636363636365,0.18181818181818182
613,6486,87856,8,167,4,12,3,0.073825350573666,0.04790419161676647,0.3333333333333333,0.25
614,9335,32376,7,179,1,11,0,0.2883308623671856,0.03910614525139665,0.09090909090909091,0.0
615,22364,60554,13,133,3,4,0,0.36932324867060806,0.09774436090225563,0.75,0.0
616,38259,19199,17,33,1,6,2,1.992760039585395,0.5151515151515151,0.16666666666666666,0.3333333333333333
617,24576,86412,19,197,4,9,2,0.2844049437578114,0.09644670050761421,0.4444444444444444,0.2222222222222222
618,32667,55948,19,175,4,14,0,0.5838814613569744,0.10857142857142857,0.2857142857142857,0.0
619,12130,78781,11,129,2,4,2,0.1539711351721862,0.08527131782945736,0.5,0.5
620,22972,77750,18,72,2,3,3,0.29545980707395497,0.25,0.6666666666666666,1.0
621,41419,71262,13,171,0,5,0,0.5812214083242121,0.07602339181286549,0.0,0.0
622,2167,51600,16,98,4,14,3,0.041996124031007755,0.16326530612244897,0.2857142857142857,0.21428571428571427
623,28192,81898,2,41,2,6,3,0.3442330704046497,0.04878048780487805,0.3333333333333333,0.5
624,2062,67483,6,49,1,10,2,0.03055584369396737,0.12244897959183673,0.1,0.2
625,19540,23297,16,23,3,8,3,0.8387346010215908,0.6956521739130435,0.375,0.375
626,25244,35448,11,78,1,13,2,0.7121417287294065,0.14102564102564102,0.07692307692307693,0.15384615384615385
627,22545,31172,8,27,3,4,1,0.7232452200692929,0.2962962962962963,0.75,0.25
628,22689,47874,14,31,2,11,2,0.4739315703722271,0.45161290322580644,0.18181818181818182,0.18181818181818182
629,12174,12657,17,138,0,4,3,0.9618392984119459,0.12318840579710146,0.0,0.75
630,23925,89386,12,178,1,14,1,0.2676593650012306,0.06741573033707865,0.07142857142857142,0.07142857142857142
631,38497,30425,7,53,1,7,2,1.2653081347576007,0.1320754716981132,0.14285714285714285,0.2857142857142857
632,10348,31685,13,101,1,14,3,0.3265898690231971,0.12871287128712872,0.07142857142857142,0.21428571428571427
633,24714,29578,7,117,3,6,0,0.8355534518899181,0.05982905982905983,0.5,0.0
634,39102,33831,13,146,2,9,0,1.1558038485412787,0.08904109589041095,0.2222222222222222,0.0
635,9924,12906,6,94,1,10,2,0.7689446768944677,0.06382978723404255,0.1,0.2
636,38098,66413,11,124,1,7,2,0.5736527487088371,0.08870967741935484,0.14285714285714285,0.2857142857142857
637,25394,59028,10,68,0,12,0,0.43020261570779966,0.14705882352941177,0.0,0.0
638,7801,12287,10,98,0,7,3,0.6348986733946448,0.10204081632653061,0.0,0.42857142857142855
639,38614,38660,12,112,2,4,3,0.998810139679255,0.10714285714285714,0.5,0.75
640,7731,80758,17,173,2,10,3,0.0957304539488348,0.09826589595375723,0.2,0.3
641,49136,65504,1,37,4,4,2,0.7501221299462628,0.02702702702702703,1.0,0.5
642,24625,64720,14,115,0,12,1,0.3804851668726823,0.12173913043478261,0.0,0.08333333333333333
643,18337,39701,19,57,4,14,1,0.4618775345709176,0.3333333333333333,0.2857142857142857,0.07142857142857142
644,36307,88300,17,106,3,8,1,0.41117780294450734,0.16037735849056603,0.375,0.125
645,8056,22674,14,107,4,10,1,0.3552968157360854,0.1308411214953271,0.4,0.1
646,12516,88560,18,69,1,8,1,0.1413279132791328,0.2608695652173913,0.125,0.125
647,45261,28874,11,27,4,6,2,1.5675348064002217,0.4074074074074074,0.6666666666666666,0.3333333333333333
648,2542,48642,12,188,2,6,2,0.05225936433534805,0.06382978723404255,0.3333333333333333,0.3333333333333333
649,22677,70160,10,153,3,8,1,0.3232183580387685,0.06535947712418301,0.375,0.125
650,47732,22602,4,88,1,6,2,2.111848508981506,0.045454545454545456,0.16666666666666666,0.3333333333333333
651,40081,93801,0,191,4,10,2,0.427298216436925,0.0,0.4,0.2
652,28569,30931,2,140,3,11,1,0.9236364812000906,0.014285714285714285,0.2727272727272727,0.09090909090909091
653,24322,99377,18,83,3,3,3,0.24474475985388974,0.21686746987951808,1.0,1.0
654,20065,34192,6,176,1,6,2,0.5868331773514273,0.03409090909090909,0.16666666666666666,0.3333333333333333
655,18924,51542,11,175,4,6,3,0.3671568817663265,0.06285714285714286,0.6666666666666666,0.5
656,23556,47520,14,158,3,4,2,0.4957070707070707,0.08860759493670886,0.75,0.5
657,27962,69772,4,140,3,8,2,0.4007624835177435,0.02857142857142857,0.375,0.25
658,29295,63762,14,84,0,5,1,0.4594429283899501,0.16666666666666666,0.0,0.2
659,14807,55106,7,126,3,9,2,0.2687003230138279,0.05555555555555555,0.3333333333333333,0.2222222222222222
660,43348,86121,9,166,0,13,0,0.5033383263083336,0.05421686746987952,0.0,0.0
661,27432,30559,15,156,4,13,0,0.8976733531856409,0.09615384615384616,0.3076923076923077,0.0
662,18749,38742,7,174,4,7,1,0.4839450725311032,0.040229885057471264,0.5714285714285714,0.14285714285714285
663,42459,74669,0,181,4,6,3,0.5686295517550791,0.0,0.6666666666666666,0.5
664,27256,85199,11,191,2,7,3,0.319909858096926,0.05759162303664921,0.2857142857142857,0.42857142857142855
665,41262,26754,4,119,4,10,3,1.5422740524781342,0.03361344537815126,0.4,0.3
666,38080,8972,2,101,3,5,0,4.244315648684797,0.019801980198019802,0.6,0.0
667,2324,75831,0,162,1,9,3,0.030647096833748732,0.0,0.1111111111111111,0.3333333333333333
668,26731,46873,3,70,0,8,3,0.5702856655217289,0.04285714285714286,0.0,0.375
669,36909,99661,7,160,2,14,1,0.37034547114718896,0.04375,0.14285714285714285,0.07142857142857142
670,24803,14903,2,102,4,3,3,1.6642957793732804,0.0196078431372549,1.3333333333333333,1.0
671,20870,8020,9,196,4,9,0,2.6022443890274314,0.04591836734693878,0.4444444444444444,0.0
672,35578,46755,1,131,1,9,0,0.760945353438135,0.007633587786259542,0.1111111111111111,0.0
673,7588,90956,10,75,1,14,0,0.08342495272439421,0.13333333333333333,0.07142857142857142,0.0
674,39069,91988,9,198,2,3,1,0.4247184415358525,0.045454545454545456,0.6666666666666666,0.3333333333333333
675,27790,50648,13,184,0,11,1,0.5486889906807771,0.07065217391304347,0.0,0.09090909090909091
676,26289,14516,6,164,4,8,2,1.8110360980986497,0.036585365853658534,0.5,0.25
677,29178,7396,1,176,2,14,3,3.9451054624121147,0.005681818181818182,0.14285714285714285,0.21428571428571427
678,29710,89082,8,180,3,4,1,0.3335129431310478,0.044444444444444446,0.75,0.25
679,16485,24129,15,79,3,7,0,0.6832027850304613,0.189873417721519,0.42857142857142855,0.0
680,45482,6591,12,139,2,13,0,6.900622060385374,0.08633093525179857,0.15384615384615385,0.0
681,21652,16303,8,157,4,6,1,1.3280991228608232,0.050955414012738856,0.6666666666666666,0.16666666666666666
682,5748,35561,19,194,2,9,1,0.16163774921965074,0.0979381443298969,0.2222222222222222,0.1111111111111111
683,22233,76719,3,42,4,10,1,0.2897978336526806,0.07142857142857142,0.4,0.1
684,10435,97108,9,168,1,13,2,0.1074576759896198,0.05357142857142857,0.07692307692307693,0.15384615384615385
685,4709,91231,11,32,2,13,0,0.05161622694040403,0.34375,0.15384615384615385,0.0
686,31355,12314,16,120,4,3,2,2.5462887770017866,0.13333333333333333,1.3333333333333333,0.6666666666666666
687,14116,24623,13,180,2,7,2,0.5732851399098404,0.07222222222222222,0.2857142857142857,0.2857142857142857
688,26470,72675,13,43,2,5,3,0.36422428620571035,0.3023255813953488,0.4,0.6
689,43344,70082,1,127,4,3,0,0.618475500128421,0.007874015748031496,1.3333333333333333,0.0
690,43918,88624,19,30,4,14,0,0.4955542516699765,0.6333333333333333,0.2857142857142857,0.0
691,40298,38130,10,36,0,5,1,1.0568581169682665,0.2777777777777778,0.0,0.2
692,43956,56756,15,194,2,8,1,0.7744731834519698,0.07731958762886598,0.25,0.125
693,15683,31292,18,44,3,9,3,0.5011824108398313,0.4090909090909091,0.3333333333333333,0.3333333333333333
694,1504,91206,5,113,2,10,2,0.01649014319233384,0.04424778761061947,0.2,0.2
695,34982,74274,18,40,2,13,1,0.47098580930069744,0.45,0.15384615384615385,0.07692307692307693
696,35299,7469,4,103,4,6,1,4.7260677466863035,0.038834951456310676,0.6666666666666666,0.16666666666666666
697,29016,58947,3,159,2,5,0,0.49223879077815663,0.018867924528301886,0.4,0.0
698,24960,27534,14,56,2,7,0,0.9065155807365439,0.25,0.2857142857142857,0.0
699,34591,68620,3,61,3,11,1,0.5040950160303118,0.04918032786885246,0.2727272727272727,0.09090909090909091
700,18312,53874,19,164,4,8,0,0.3399042209600178,0.11585365853658537,0.5,0.0
701,38797,54708,9,120,2,11,3,0.7091650215690576,0.075,0.18181818181818182,0.2727272727272727
702,47196,79553,2,67,1,8,1,0.5932648674468594,0.029850746268656716,0.125,0.125
703,3105,73344,4,122,0,4,0,0.04233475130890053,0.03278688524590164,0.0,0.0
704,37395,54138,5,47,3,7,3,0.6907347888728804,0.10638297872340426,0.42857142857142855,0.42857142857142855
705,46740,59302,7,60,2,14,0,0.7881690330848875,0.11666666666666667,0.14285714285714285,0.0
706,23700,52638,6,118,1,13,0,0.4502450701014476,0.05084745762711865,0.07692307692307693,0.0
707,35620,83249,9,66,2,11,0,0.4278730074835734,0.13636363636363635,0.18181818181818182,0.0
708,38678,7719,5,165,2,10,1,5.010752688172043,0.030303030303030304,0.2,0.1
709,21559,27890,13,124,4,9,2,0.7730010756543564,0.10483870967741936,0.4444444444444444,0.2222222222222222
710,28509,82236,3,143,4,3,0,0.3466729899314169,0.02097902097902098,1.3333333333333333,0.0
711,28860,41509,12,32,4,6,3,0.695270905104917,0.375,0.6666666666666666,0.5
712,12003,47534,19,160,1,14,1,0.2525139899861152,0.11875,0.07142857142857142,0.07142857142857142
713,22732,97241,16,119,2,9,1,0.2337697061938894,0.13445378151260504,0.2222222222222222,0.1111111111111111
714,26826,23787,6,50,0,13,3,1.1277588598814479,0.12,0.0,0.23076923076923078
715,31354,53845,3,149,3,9,0,0.5823010493081995,0.020134228187919462,0.3333333333333333,0.0
716,14843,62932,13,35,4,8,2,0.23585775122354288,0.37142857142857144,0.5,0.25
717,45472,97124,2,156,4,10,0,0.46818500061776697,0.01282051282051282,0.4,0.0
718,49529,96659,4,92,2,13,3,0.5124096048996989,0.043478260869565216,0.15384615384615385,0.23076923076923078
719,7190,38062,15,185,2,8,1,0.18890231727181966,0.08108108108108109,0.25,0.125
720,18640,80713,19,73,1,12,2,0.23094173181519706,0.2602739726027397,0.08333333333333333,0.16666666666666666
721,39413,92263,3,119,1,5,1,0.42718099346433563,0.025210084033613446,0.2,0.2
722,43356,65461,1,128,4,6,3,0.6623180214173324,0.0078125,0.6666666666666666,0.5
723,45597,80418,17,106,2,5,0,0.5669999253898381,0.16037735849056603,0.4,0.0
724,41821,71672,18,192,0,3,2,0.5835054135506195,0.09375,0.0,0.6666666666666666
725,4330,39832,18,181,3,12,1,0.10870656758385218,0.09944751381215469,0.25,0.08333333333333333
726,20087,36966,16,156,2,7,1,0.5433912243683384,0.10256410256410256,0.2857142857142857,0.14285714285714285
727,42430,77545,13,27,2,3,1,0.5471661615835967,0.48148148148148145,0.6666666666666666,0.3333333333333333
728,25504,17987,18,26,1,3,0,1.4179129371212542,0.6923076923076923,0.3333333333333333,0.0
729,8114,42311,12,55,3,4,2,0.1917704615820945,0.21818181818181817,0.75,0.5
730,14323,36575,11,37,4,6,0,0.39160628844839374,0.2972972972972973,0.6666666666666666,0.0
731,35121,68852,5,22,2,8,0,0.510094114913147,0.22727272727272727,0.25,0.0
732,11975,6007,3,47,4,10,0,1.9935075744964208,0.06382978723404255,0.4,0.0
733,12023,75981,18,89,2,5,3,0.15823692765296588,0.20224719101123595,0.4,0.6
734,22447,81242,15,191,4,3,3,0.27629797395435857,0.07853403141361257,1.3333333333333333,1.0
735,25933,52517,12,168,3,5,3,0.49380200696917187,0.07142857142857142,0.6,0.6
736,24959,34257,3,47,1,14,2,0.728581019937531,0.06382978723404255,0.07142857142857142,0.14285714285714285
737,1667,92272,16,73,3,5,0,0.01806615224553494,0.2191780821917808,0.6,0.0
738,30703,47207,0,84,0,7,0,0.6503908318681552,0.0,0.0,0.0
739,10337,18281,17,119,1,13,3,0.5654504676987036,0.14285714285714285,0.07692307692307693,0.23076923076923078
740,47427,66246,19,40,3,14,0,0.7159224707906893,0.475,0.21428571428571427,0.0
741,37487,6435,16,32,0,14,0,5.8254856254856255,0.5,0.0,0.0
742,20129,96357,14,76,2,6,1,0.20890023558226178,0.18421052631578946,0.3333333333333333,0.16666666666666666
743,41251,31660,10,68,2,6,0,1.3029374605180037,0.14705882352941177,0.3333333333333333,0.0
744,32921,10084,12,137,4,11,1,3.264676715589052,0.08759124087591241,0.36363636363636365,0.09090909090909091
745,34307,87197,0,73,1,9,0,0.3934424349461564,0.0,0.1111111111111111,0.0
746,28355,18507,16,157,2,6,2,1.5321229804938672,0.10191082802547771,0.3333333333333333,0.3333333333333333
747,38732,77595,5,72,1,5,3,0.499155873445454,0.06944444444444445,0.2,0.6
748,5835,88807,3,63,2,8,1,0.06570428006801265,0.047619047619047616,0.25,0.125
749,21159,50539,19,66,4,5,3,0.41866677219573,0.2878787878787879,0.8,0.6
750,39810,12491,15,72,3,8,1,3.1870947081898966,0.20833333333333334,0.375,0.125
751,48605,55192,14,93,4,13,1,0.8806529931874185,0.15053763440860216,0.3076923076923077,0.07692307692307693
752,41080,85395,14,65,0,13,1,0.48105860998887523,0.2153846153846154,0.0,0.07692307692307693
753,39088,68888,5,32,2,14,2,0.567413773080943,0.15625,0.14285714285714285,0.14285714285714285
754,14216,78609,14,184,0,11,0,0.18084443257133406,0.07608695652173914,0.0,0.0
755,36547,14077,13,121,0,8,1,2.5962207856787667,0.10743801652892562,0.0,0.125
756,32471,25953,10,43,1,14,2,1.2511463029322236,0.23255813953488372,0.07142857142857142,0.14285714285714285
757,18308,81919,6,21,2,6,1,0.22348905626289384,0.2857142857142857,0.3333333333333333,0.16666666666666666
758,28532,72889,8,100,0,7,0,0.39144452523700424,0.08,0.0,0.0
759,35349,28821,15,119,3,8,1,1.2265015093161236,0.12605042016806722,0.375,0.125
760,46445,42567,4,161,0,13,2,1.0911034369347148,0.024844720496894408,0.0,0.15384615384615385
761,6713,29860,19,157,3,5,0,0.22481580709979906,0.12101910828025478,0.6,0.0
762,5804,26195,9,182,1,10,2,0.2215690017178851,0.04945054945054945,0.1,0.2
763,11136,82475,17,172,0,6,0,0.13502273416186722,0.09883720930232558,0.0,0.0
764,1009,95874,2,150,4,10,0,0.010524229718171766,0.013333333333333334,0.4,0.0
765,20255,92266,12,130,1,12,3,0.2195283202913316,0.09230769230769231,0.08333333333333333,0.25
766,24793,26427,10,121,3,12,3,0.938169296552768,0.08264462809917356,0.25,0.25
767,30548,32083,16,36,1,5,3,0.952155347068541,0.4444444444444444,0.2,0.6
768,38892,92046,12,31,0,12,0,0.42252786650153185,0.3870967741935484,0.0,0.0
769,2015,62372,5,135,2,9,1,0.03230616302186879,0.037037037037037035,0.2222222222222222,0.1111111111111111
770,28712,49064,16,43,2,13,2,0.5851948475460623,0.37209302325581395,0.15384615384615385,0.15384615384615385
771,35961,12813,12,48,3,14,2,2.80660266916413,0.25,0.21428571428571427,0.14285714285714285
772,9415,36598,18,190,3,11,2,0.2572544947811356,0.09473684210526316,0.2727272727272727,0.18181818181818182
773,47318,98106,18,172,2,6,3,0.4823150469899904,0.10465116279069768,0.3333333333333333,0.5
774,48280,32082,9,141,3,10,0,1.504893709868462,0.06382978723404255,0.3,0.0
775,24833,34241,2,109,1,5,3,0.7252416693437692,0.01834862385321101,0.2,0.6
776,5158,49569,13,84,4,9,1,0.10405697109080272,0.15476190476190477,0.4444444444444444,0.1111111111111111
777,21309,16745,18,103,4,5,0,1.2725589728277098,0.17475728155339806,0.8,0.0
778,7970,31029,4,138,1,14,2,0.2568564890908505,0.028985507246376812,0.07142857142857142,0.14285714285714285
779,7938,18025,4,175,4,9,3,0.4403883495145631,0.022857142857142857,0.4444444444444444,0.3333333333333333
780,22168,19288,19,35,0,13,3,1.1493156366652841,0.5428571428571428,0.0,0.23076923076923078
781,47540,94186,16,194,1,12,1,0.5047459282695942,0.08247422680412371,0.08333333333333333,0.08333333333333333
782,21384,11540,9,123,3,12,1,1.8530329289428076,0.07317073170731707,0.25,0.08333333333333333
783,19017,86958,4,111,1,13,3,0.21869178223970193,0.036036036036036036,0.07692307692307693,0.23076923076923078
784,11344,73878,3,46,2,13,1,0.15355044803595116,0.06521739130434782,0.15384615384615385,0.07692307692307693
785,41034,46846,5,189,3,8,2,0.8759339111130086,0.026455026455026454,0.375,0.25
786,9702,80932,3,194,2,4,1,0.11987841644837642,0.015463917525773196,0.5,0.25
787,1384,22482,6,181,3,13,1,0.06156035939863001,0.03314917127071823,0.23076923076923078,0.07692307692307693
788,1404,28411,6,184,4,5,3,0.04941747914540143,0.03260869565217391,0.8,0.6
789,41943,55975,17,153,1,8,3,0.7493166592228674,0.1111111111111111,0.125,0.375
790,48926,65545,2,154,0,6,0,0.7464490045007247,0.012987012987012988,0.0,0.0
791,30189,83797,0,172,3,8,0,0.3602634939198301,0.0,0.375,0.0
792,13763,57307,3,52,3,3,3,0.2401626328371752,0.057692307692307696,1.0,1.0
793,19384,8093,5,74,2,12,1,2.395156307920425,0.06756756756756757,0.16666666666666666,0.08333333333333333
794,33606,82258,8,26,4,14,1,0.4085438498383136,0.3076923076923077,0.2857142857142857,0.07142857142857142
795,10860,27042,13,76,2,3,0,0.40159751497670293,0.17105263157894737,0.6666666666666666,0.0
796,39757,57930,11,145,2,5,0,0.6862938028655273,0.07586206896551724,0.4,0.0
797,16106,49413,19,31,4,10,0,0.3259466132394309,0.6129032258064516,0.4,0.0
798,24574,98623,3,35,0,10,2,0.2491710858521846,0.08571428571428572,0.0,0.2
799,24524,38756,11,62,2,13,2,0.6327794406027454,0.1774193548387097,0.15384615384615385,0.15384615384615385
800,4636,58268,9,136,2,6,0,0.07956339671861055,0.0661764705882353,0.3333333333333333,0.0
801,11916,44214,6,154,3,8,1,0.26950739584746913,0.03896103896103896,0.375,0.125
802,5809,86871,2,130,4,10,0,0.06686926592303531,0.015384615384615385,0.4,0.0
803,33201,33602,13,70,1,9,2,0.9880661865365157,0.18571428571428572,0.1111111111111111,0.2222222222222222
804,14456,58331,9,179,0,13,1,0.24782705593938043,0.05027932960893855,0.0,0.07692307692307693
805,49212,53901,15,94,0,9,2,0.9130071798296877,0.1595744680851064,0.0,0.2222222222222222
806,39765,68416,15,27,4,6,1,0.5812236903648269,0.5555555555555556,0.6666666666666666,0.16666666666666666
807,35816,37196,9,64,3,11,2,0.9628992364770406,0.140625,0.2727272727272727,0.18181818181818182
808,46106,10626,12,78,3,14,1,4.338979860718991,0.15384615384615385,0.21428571428571427,0.07142857142857142
809,18100,12424,5,151,4,12,1,1.4568576947842884,0.033112582781456956,0.3333333333333333,0.08333333333333333
810,22949,17857,11,123,3,8,1,1.2851542812342498,0.08943089430894309,0.375,0.125
811,5544,24982,8,176,0,14,1,0.22191978224321512,0.045454545454545456,0.0,0.07142857142857142
812,38744,81961,12,176,0,13,3,0.4727126316174766,0.06818181818181818,0.0,0.23076923076923078
813,46543,6980,3,117,1,5,2,6.668051575931232,0.02564102564102564,0.2,0.4
814,43783,53290,10,175,4,7,2,0.8215987990242072,0.05714285714285714,0.5714285714285714,0.2857142857142857
815,27657,31431,19,98,2,7,3,0.8799274601508066,0.19387755102040816,0.2857142857142857,0.42857142857142855
816,37187,89976,17,143,2,7,1,0.41329910198275094,0.11888111888111888,0.2857142857142857,0.14285714285714285
817,48198,87711,10,191,1,10,1,0.5495091835687657,0.05235602094240838,0.1,0.1
818,8239,31385,3,23,1,11,2,0.26251393978014975,0.13043478260869565,0.09090909090909091,0.18181818181818182
819,15489,43158,17,109,3,11,3,0.3588905880717364,0.1559633027522936,0.2727272727272727,0.2727272727272727
820,44125,28019,0,123,1,8,1,1.5748242264177879,0.0,0.125,0.125
821,29538,23639,6,156,1,8,1,1.2495452430305851,0.038461538461538464,0.125,0.125
822,33049,90530,5,138,2,11,1,0.3650613056445377,0.036231884057971016,0.18181818181818182,0.09090909090909091
823,38131,26563,14,152,3,6,0,1.4354929789556903,0.09210526315789473,0.5,0.0
824,43944,44341,17,75,1,8,3,0.9910466611037189,0.22666666666666666,0.125,0.375
825,9427,10776,10,115,1,6,1,0.8748144023756496,0.08695652173913043,0.16666666666666666,0.16666666666666666
826,42348,41444,19,197,3,13,0,1.021812566354599,0.09644670050761421,0.23076923076923078,0.0
827,25285,73916,14,94,4,3,3,0.3420774933708534,0.14893617021276595,1.3333333333333333,1.0
828,38626,13711,15,162,3,9,1,2.8171541098388158,0.09259259259259259,0.3333333333333333,0.1111111111111111
829,43808,79318,6,51,2,12,2,0.5523084293602966,0.11764705882352941,0.16666666666666666,0.16666666666666666
830,23928,87970,9,47,4,13,0,0.27200181880186425,0.19148936170212766,0.3076923076923077,0.0
831,20198,90553,11,41,0,14,0,0.22305169348337436,0.2682926829268293,0.0,0.0
832,20758,35707,13,36,3,8,1,0.5813425938891534,0.3611111111111111,0.375,0.125
833,16254,44110,4,78,2,11,1,0.3684878712310134,0.05128205128205128,0.18181818181818182,0.09090909090909091
834,45238,66788,17,109,4,9,0,0.6773372462118944,0.1559633027522936,0.4444444444444444,0.0
835,2252,87879,4,125,3,9,2,0.025626145040339558,0.032,0.3333333333333333,0.2222222222222222
836,40764,43827,2,45,1,4,2,0.930111575056472,0.044444444444444446,0.25,0.5
837,13173,10655,4,44,3,14,3,1.236320976067574,0.09090909090909091,0.21428571428571427,0.21428571428571427
838,38441,49859,16,157,0,13,1,0.7709942036543052,0.10191082802547771,0.0,0.07692307692307693
839,27698,58625,18,64,3,11,2,0.47246055437100215,0.28125,0.2727272727272727,0.18181818181818182
840,16781,57098,18,102,4,12,3,0.2938982100949245,0.17647058823529413,0.3333333333333333,0.25
841,14051,20251,11,30,4,11,2,0.6938422793936102,0.36666666666666664,0.36363636363636365,0.18181818181818182
842,40649,5526,8,123,3,8,1,7.35595367354325,0.06504065040650407,0.375,0.125
843,7949,73760,0,87,4,5,3,0.10776843817787418,0.0,0.8,0.6
844,43289,52837,17,114,1,3,3,0.8192932982569033,0.14912280701754385,0.3333333333333333,1.0
845,9017,16536,3,175,3,6,3,0.5452951136913401,0.017142857142857144,0.5,0.5
846,7941,33541,9,84,1,5,2,0.23675501624877016,0.10714285714285714,0.2,0.4
847,26934,84083,6,68,1,14,1,0.3203263442075093,0.08823529411764706,0.07142857142857142,0.07142857142857142
848,24386,56027,0,194,2,3,3,0.4352544308993878,0.0,0.6666666666666666,1.0
849,11209,39531,16,71,3,5,0,0.2835496192861299,0.22535211267605634,0.6,0.0
850,18715,13712,1,121,4,6,1,1.364862893815636,0.008264462809917356,0.6666666666666666,0.16666666666666666
851,29920,70455,10,76,1,10,0,0.4246682279469165,0.13157894736842105,0.1,0.0
852,32703,79744,8,66,2,11,0,0.4100998194221509,0.12121212121212122,0.18181818181818182,0.0
853,43318,10109,6,178,3,5,3,4.285092491838955,0.033707865168539325,0.6,0.6
854,5637,54268,16,193,3,8,3,0.10387336920468784,0.08290155440414508,0.375,0.375
855,5854,59615,16,45,0,12,2,0.09819676255975845,0.35555555555555557,0.0,0.16666666666666666
856,44088,87503,1,133,0,13,2,0.5038455824371736,0.007518796992481203,0.0,0.15384615384615385
857,38660,34759,5,24,1,7,2,1.1122299260623147,0.20833333333333334,0.14285714285714285,0.2857142857142857
858,40811,90708,13,103,0,8,1,0.44991621466684306,0.1262135922330097,0.0,0.125
859,20856,65112,5,71,1,6,2,0.3203096203464799,0.07042253521126761,0.16666666666666666,0.3333333333333333
860,22833,31589,1,124,4,12,0,0.7228149039222515,0.008064516129032258,0.3333333333333333,0.0
861,20963,35015,0,73,1,8,2,0.5986862773097245,0.0,0.125,0.25
862,37932,34009,9,180,0,9,3,1.1153518186362434,0.05,0.0,0.3333333333333333
863,28169,88309,4,197,4,11,2,0.3189822101937515,0.02030456852791878,0.36363636363636365,0.18181818181818182
864,8941,67046,1,185,0,12,1,0.13335620320377053,0.005405405405405406,0.0,0.08333333333333333
865,15388,31143,15,174,1,9,1,0.4941078251934624,0.08620689655172414,0.1111111111111111,0.1111111111111111
866,6569,11154,1,34,2,8,0,0.5889367043213197,0.029411764705882353,0.25,0.0
867,5300,26804,9,80,3,3,1,0.19773168183853157,0.1125,1.0,0.3333333333333333
868,40037,46688,1,141,0,4,2,0.8575436943111721,0.0070921985815602835,0.0,0.5
869,37586,69288,15,40,1,3,3,0.5424604549128276,0.375,0.3333333333333333,1.0
870,13015,56195,15,65,4,11,1,0.23160423525224663,0.23076923076923078,0.36363636363636365,0.09090909090909091
871,46002,25581,18,153,0,12,0,1.7982877917204174,0.11764705882352941,0.0,0.0
872,7254,57648,6,57,0,12,2,0.12583263946711074,0.10526315789473684,0.0,0.16666666666666666
873,18144,35087,11,81,3,11,0,0.5171146008493174,0.13580246913580246,0.2727272727272727,0.0
874,25214,54930,14,105,1,9,1,0.45902057163662846,0.13333333333333333,0.1111111111111111,0.1111111111111111
875,41118,37981,7,97,2,4,1,1.082593928543219,0.07216494845360824,0.5,0.25
876,16183,74298,5,65,4,8,0,0.2178120541602735,0.07692307692307693,0.5,0.0
877,7238,51167,9,160,1,13,2,0.1414583618347763,0.05625,0.07692307692307693,0.15384615384615385
878,7090,80304,2,22,4,6,1,0.08828949990037856,0.09090909090909091,0.6666666666666666,0.16666666666666666
879,12637,48408,18,25,0,3,3,0.261051892249215,0.72,0.0,1.0
880,23415,44499,16,112,3,3,1,0.5261915998112318,0.14285714285714285,1.0,0.3333333333333333
881,25071,57269,6,27,3,14,2,0.43777610923885524,0.2222222222222222,0.21428571428571427,0.14285714285714285
882,46415,43559,19,191,2,7,1,1.0655662434858468,0.09947643979057591,0.2857142857142857,0.14285714285714285
883,43679,79319,3,127,3,14,0,0.5506751219758191,0.023622047244094488,0.21428571428571427,0.0
884,42240,53787,13,180,0,4,1,0.7853198728317251,0.07222222222222222,0.0,0.25
885,19271,40488,19,94,2,6,1,0.47596818810511754,0.20212765957446807,0.3333333333333333,0.16666666666666666
886,37034,79441,14,96,1,3,2,0.46618244986845586,0.14583333333333334,0.3333333333333333,0.6666666666666666
887,34434,79663,7,69,3,6,0,0.4322458355823908,0.10144927536231885,0.5,0.0
888,5188,27431,14,30,2,13,2,0.18912908752870838,0.4666666666666667,0.15384615384615385,0.15384615384615385
889,11161,66681,19,114,0,8,1,0.1673790135120949,0.16666666666666666,0.0,0.125
890,29732,68483,13,175,4,12,3,0.4341515412584145,0.07428571428571429,0.3333333333333333,0.25
891,12314,54153,8,89,4,6,1,0.22739275755729138,0.0898876404494382,0.6666666666666666,0.16666666666666666
892,24954,11368,7,188,0,3,2,2.195109078114004,0.03723404255319149,0.0,0.6666666666666666
893,22508,32424,16,35,0,9,3,0.6941771527263755,0.45714285714285713,0.0,0.3333333333333333
894,22969,50004,1,87,4,4,2,0.4593432525397968,0.011494252873563218,1.0,0.5
895,46659,88869,2,118,2,11,2,0.5250312257367586,0.01694915254237288,0.18181818181818182,0.18181818181818182
896,38545,93652,7,67,4,5,0,0.411576901721266,0.1044776119402985,0.8,0.0
897,37668,61985,11,83,0,10,3,0.6076954101798823,0.13253012048192772,0.0,0.3
898,24061,55069,0,109,3,10,1,0.43692458551998403,0.0,0.3,0.1
899,14716,57326,9,95,1,5,2,0.2567072532533231,0.09473684210526316,0.2,0.4
900,40749,86061,19,158,3,6,1,0.47348973402586536,0.12025316455696203,0.5,0.16666666666666666
901,40144,28398,2,120,3,4,0,1.4136206775125009,0.016666666666666666,0.75,0.0
902,17907,55861,5,108,0,6,0,0.3205635416480192,0.046296296296296294,0.0,0.0
903,19777,80897,6,37,4,13,3,0.24447136482193407,0.16216216216216217,0.3076923076923077,0.23076923076923078
904,28693,86905,19,38,2,13,0,0.3301651228352799,0.5,0.15384615384615385,0.0
905,43928,73577,17,74,3,13,0,0.5970343993367493,0.22972972972972974,0.23076923076923078,0.0
906,27329,70641,10,121,4,11,1,0.38687164677736724,0.08264462809917356,0.36363636363636365,0.09090909090909091
907,47892,14078,18,137,2,4,0,3.401903679499929,0.13138686131386862,0.5,0.0
908,17282,30003,4,173,3,14,0,0.5760090657600907,0.023121387283236993,0.21428571428571427,0.0
909,24624,67768,18,153,2,14,2,0.36335733679612797,0.11764705882352941,0.14285714285714285,0.14285714285714285
910,24321,56047,10,23,4,5,0,0.43393937231252344,0.43478260869565216,0.8,0.0
911,11488,76626,11,127,1,13,2,0.14992300263618094,0.08661417322834646,0.07692307692307693,0.15384615384615385
912,23574,62660,9,134,4,13,0,0.3762208745611235,0.06716417910447761,0.3076923076923077,0.0
913,6240,54786,7,48,0,6,0,0.11389771109407514,0.14583333333333334,0.0,0.0
914,44221,6925,8,78,2,7,3,6.385703971119134,0.10256410256410256,0.2857142857142857,0.42857142857142855
915,11478,88976,3,144,1,3,3,0.1290010789426362,0.020833333333333332,0.3333333333333333,1.0
916,46162,31015,4,117,2,9,2,1.4883765919716265,0.03418803418803419,0.2222222222222222,0.2222222222222222
917,20262,38320,7,36,2,12,0,0.5287578288100209,0.19444444444444445,0.16666666666666666,0.0
918,5432,69881,8,126,3,9,1,0.07773214464589803,0.06349206349206349,0.3333333333333333,0.1111111111111111
919,30721,95827,14,62,0,11,3,0.32058814321642126,0.22580645161290322,0.0,0.2727272727272727
920,14568,31289,14,99,2,6,1,0.46559493751797754,0.1414141414141414,0.3333333333333333,0.16666666666666666
921,15178,8389,15,181,4,8,3,1.8092740493503396,0.08287292817679558,0.5,0.375
922,23195,30683,13,27,4,13,3,0.755956066877424,0.48148148148148145,0.3076923076923077,0.23076923076923078
923,1302,18629,7,160,3,4,0,0.06989103011433787,0.04375,0.75,0.0
924,18022,66550,17,125,0,14,3,0.2708039068369647,0.136,0.0,0.21428571428571427
925,1055,29826,9,27,0,14,1,0.035371823241467176,0.3333333333333333,0.0,0.07142857142857142
926,46781,31630,19,115,4,6,3,1.4790072715776161,0.16521739130434782,0.6666666666666666,0.5
927,9717,51163,5,113,1,4,2,0.1899224048628892,0.04424778761061947,0.25,0.5
928,29699,71435,11,84,3,12,0,0.41574858262756353,0.13095238095238096,0.25,0.0
929,9150,16653,1,190,3,7,0,0.5494505494505495,0.005263157894736842,0.42857142857142855,0.0
930,3125,32961,6,58,4,9,2,0.09480901671672583,0.10344827586206896,0.4444444444444444,0.2222222222222222
931,45247,86941,15,100,4,3,2,0.520433397361429,0.15,1.3333333333333333,0.6666666666666666
932,49513,79137,2,103,1,12,2,0.6256618269583128,0.019417475728155338,0.08333333333333333,0.16666666666666666
933,17748,38662,12,107,1,12,3,0.4590554032383219,0.11214953271028037,0.08333333333333333,0.25
934,40577,61446,2,105,0,9,0,0.6603684536015363,0.01904761904761905,0.0,0.0
935,5621,26288,17,112,3,12,2,0.21382379793061473,0.15178571428571427,0.25,0.16666666666666666
936,16034,41877,10,105,3,8,3,0.382883205578241,0.09523809523809523,0.375,0.375
937,47391,20313,7,63,4,8,2,2.3330379559887757,0.1111111111111111,0.5,0.25
938,6126,85885,5,156,0,14,1,0.0713279385224428,0.03205128205128205,0.0,0.07142857142857142
939,6122,77715,0,184,3,10,1,0.07877501125908769,0.0,0.3,0.1
940,19030,15326,0,93,0,10,0,1.241680803862717,0.0,0.0,0.0
941,18302,6560,7,55,0,8,3,2.789939024390244,0.12727272727272726,0.0,0.375
942,20181,84148,4,120,4,5,1,0.23982744687930788,0.03333333333333333,0.8,0.2
943,39638,88186,15,175,0,7,1,0.44948177715283605,0.08571428571428572,0.0,0.14285714285714285
944,2531,31745,10,189,1,4,3,0.07972909119546386,0.05291005291005291,0.25,0.75
945,41940,36890,4,190,1,7,2,1.136893467064245,0.021052631578947368,0.14285714285714285,0.2857142857142857
946,41441,25022,3,189,2,11,3,1.656182559347774,0.015873015873015872,0.18181818181818182,0.2727272727272727
947,24333,57579,5,123,4,12,2,0.42260199030896684,0.04065040650406504,0.3333333333333333,0.16666666666666666
948,40650,75316,13,85,2,3,1,0.5397259546444315,0.15294117647058825,0.6666666666666666,0.3333333333333333
949,35674,88847,18,74,1,12,1,0.4015217171091877,0.24324324324324326,0.08333333333333333,0.08333333333333333
950,36854,33380,8,195,2,7,1,1.1040742959856202,0.041025641025641026,0.2857142857142857,0.14285714285714285
951,47271,7356,11,110,4,14,0,6.426182707993474,0.1,0.2857142857142857,0.0
952,9152,75326,10,41,4,8,0,0.12149855295648249,0.24390243902439024,0.5,0.0
953,39518,97447,13,120,0,13,0,0.40553326423594366,0.10833333333333334,0.0,0.0
954,46540,94899,15,174,3,9,3,0.49041612661882633,0.08620689655172414,0.3333333333333333,0.3333333333333333
955,11267,25049,0,140,0,11,1,0.4497983951455148,0.0,0.0,0.09090909090909091
956,26289,80717,12,112,4,8,1,0.3256934722549153,0.10714285714285714,0.5,0.125
957,2062,21082,12,127,1,7,3,0.09780855706289726,0.09448818897637795,0.14285714285714285,0.42857142857142855
958,30926,5661,1,160,1,14,0,5.462992404168875,0.00625,0.07142857142857142,0.0
959,7229,42412,3,192,0,9,3,0.170447043289635,0.015625,0.0,0.3333333333333333
960,48915,7920,5,29,4,3,0,6.176136363636363,0.1724137931034483,1.3333333333333333,0.0
961,5632,96194,4,28,1,13,1,0.05854835020895274,0.14285714285714285,0.07692307692307693,0.07692307692307693
962,40056,65315,2,174,4,7,2,0.6132741330475389,0.011494252873563218,0.5714285714285714,0.2857142857142857
963,4596,84561,0,53,1,4,0,0.054351296697058925,0.0,0.25,0.0
964,45243,13946,3,148,4,6,1,3.244156030402983,0.02027027027027027,0.6666666666666666,0.16666666666666666
965,7168,99242,19,179,2,9,1,0.07222748433123073,0.10614525139664804,0.2222222222222222,0.1111111111111111
966,43563,50500,1,108,4,7,2,0.8626336633663366,0.009259259259259259,0.5714285714285714,0.2857142857142857
967,8561,21309,4,112,4,14,1,0.4017551269416678,0.03571428571428571,0.2857142857142857,0.07142857142857142
968,9258,60230,2,90,0,8,1,0.15371077536111571,0.022222222222222223,0.0,0.125
969,17616,35027,8,86,2,4,0,0.5029263139863533,0.09302325581395349,0.5,0.0
970,27734,77541,19,167,3,5,0,0.3576688461588063,0.11377245508982035,0.6,0.0
971,7371,64321,5,136,0,9,2,0.11459709892570079,0.03676470588235294,0.0,0.2222222222222222
972,27069,5956,17,113,3,13,2,4.544828744123573,0.1504424778761062,0.23076923076923078,0.15384615384615385
973,15369,79131,5,182,1,4,1,0.1942222390719187,0.027472527472527472,0.25,0.25
974,13910,52908,18,118,3,14,0,0.26290920087699404,0.15254237288135594,0.21428571428571427,0.0
975,8943,83339,11,132,4,8,2,0.10730870300819545,0.08333333333333333,0.5,0.25
976,13199,30963,10,122,3,7,2,0.4262829829150922,0.08196721311475409,0.42857142857142855,0.2857142857142857
977,16728,44443,1,110,0,12,3,0.3763922327475643,0.00909090909090909,0.0,0.25
978,24275,44063,14,109,0,3,2,0.55091573428954,0.12844036697247707,0.0,0.6666666666666666
979,7738,85818,11,36,3,14,1,0.09016756391433033,0.3055555555555556,0.21428571428571427,0.07142857142857142
980,16913,9703,11,37,0,13,0,1.7430691538699372,0.2972972972972973,0.0,0.0
981,36240,70128,8,192,0,12,2,0.5167693360711841,0.041666666666666664,0.0,0.16666666666666666
982,20123,77099,1,135,3,13,3,0.2610020882242312,0.007407407407407408,0.23076923076923078,0.23076923076923078
983,49447,30849,2,112,2,6,0,1.6028720541994879,0.017857142857142856,0.3333333333333333,0.0
984,35529,36860,11,110,2,13,2,0.963890396093326,0.1,0.15384615384615385,0.15384615384615385
985,11167,36585,15,101,1,4,3,0.3052343856771901,0.1485148514851485,0.25,0.75
986,11554,27015,0,87,0,6,2,0.42768832130297985,0.0,0.0,0.3333333333333333
987,18260,82539,2,133,3,3,0,0.22122875246853002,0.015037593984962405,1.0,0.0
988,48045,48585,19,20,0,4,0,0.9888854584748379,0.95,0.0,0.0
989,4812,31958,1,77,4,10,0,0.15057262657237624,0.012987012987012988,0.4,0.0
990,29024,31017,8,173,0,8,1,0.9357449140793759,0.046242774566473986,0.0,0.125
991,28285,81707,18,128,0,4,2,0.3461759702351084,0.140625,0.0,0.5
992,27900,50350,14,167,2,14,1,0.5541211519364448,0.08383233532934131,0.14285714285714285,0.07142857142857142
993,2605,17201,17,135,3,8,0,0.1514446834486367,0.1259259259259259,0.375,0.0
994,6622,34426,10,106,0,12,3,0.19235461569743798,0.09433962264150944,0.0,0.25
995,7767,22778,15,29,2,11,2,0.3409869172008078,0.5172413793103449,0.18181818181818182,0.18181818181818182
996,28139,50241,16,78,1,9,1,0.5600804124121733,0.20512820512820512,0.1111111111111111,0.1111111111111111
997,12613,47229,4,60,2,11,2,0.26706049249401853,0.06666666666666667,0.18181818181818182,0.18181818181818182
998,11589,91652,11,124,2,7,3,0.12644568585519136,0.08870967741935484,0.2857142857142857,0.42857142857142855
999,14918,53364,10,152,2,9,1,0.2795517577392999,0.06578947368421052,0.2222222222222222,0.1111111111111111
1000,21119,89878,14,141,0,13,0,0.23497407596964776,0.09929078014184398,0.0,0.0
